order_id,delivery_date,user_id,user_age,has_fruits_or_vegetables,has_cold_products,user_number_of_orders_total,products_quantity_total,number_of_items_total,orders_received_in_full_total,orders_received_on_time_total,order_total_value,number_of_boxes,distance_from_hub
1000,2/17/20,72,59,TRUE,TRUE,1,47,6,0,1,538.3374111,4,3.604686537
1001,2/18/20,64,53,FALSE,TRUE,1,123,11,0,0,892.9985664,5,4.065547898
1002,2/18/20,98,61,FALSE,TRUE,1,109,8,0,1,1020.949551,2,4.542856906
1003,2/18/20,135,49,TRUE,FALSE,1,86,9,0,0,826.7294012,5,6.159828304
1004,2/18/20,155,35,TRUE,FALSE,1,110,12,1,1,1022.514304,5,3.767514876
1005,2/18/20,93,22,FALSE,TRUE,1,198,17,0,1,2194.104454,4,2.709455025
1006,2/19/20,159,75,TRUE,FALSE,1,39,3,1,0,411.764,2,4.599797288
1007,2/19/20,48,31,FALSE,TRUE,1,2,1,1,0,18.9,1,2.462335212
1008,2/19/20,99,32,TRUE,FALSE,1,118,9,1,1,1400.872997,5,6.771179784
1009,2/19/20,178,51,FALSE,FALSE,1,28,2,1,0,414.834,1,4.388328046
1010,2/20/20,51,55,FALSE,TRUE,1,148,13,0,0,1511.98189,3,4.918648875
1011,2/21/20,98,61,FALSE,FALSE,2,137,10,0,2,1477.106451,3,4.542856906
1012,2/22/20,98,61,FALSE,TRUE,3,3,1,0,2,14.369346,1,4.542856906
1013,2/22/20,74,40,TRUE,TRUE,1,67,6,0,0,1042.592747,5,6.16460147
1014,2/23/20,20,38,FALSE,FALSE,1,133,12,1,0,1241.322288,3,6.309900483
1015,2/23/20,187,29,FALSE,FALSE,1,8,1,0,0,110.560832,3,4.747390449
1016,2/23/20,179,29,FALSE,FALSE,1,124,16,0,1,1600.276483,1,3.515846652
1017,2/23/20,219,48,TRUE,TRUE,1,96,12,0,1,979.4457185,5,3.445143709
1018,2/23/20,212,26,TRUE,TRUE,1,203,18,1,1,2189.176562,1,3.860844299
1019,2/23/20,173,34,TRUE,FALSE,1,179,17,0,0,1935.623399,5,3.16543523
1020,2/23/20,49,41,FALSE,FALSE,1,63,5,0,0,508.9438072,5,4.766946844
1021,2/24/20,65,42,FALSE,TRUE,1,144,13,0,0,1631.131156,2,5.073594428
1022,2/25/20,151,69,FALSE,FALSE,1,187,15,1,0,2313.231082,5,4.671148848
1023,2/26/20,109,42,TRUE,FALSE,1,192,17,1,0,2067.167046,1,7.580989779
1024,2/27/20,177,58,FALSE,FALSE,1,211,19,0,1,1862.76746,5,1.418204562
1025,2/28/20,151,69,FALSE,TRUE,2,181,18,1,1,2227.263767,4,4.671148848
1026,2/28/20,126,25,FALSE,TRUE,1,57,5,0,0,700.9064434,3,5.547826017
1027,2/28/20,105,40,TRUE,TRUE,1,134,15,0,0,1448.15285,3,3.98675023
1028,2/28/20,203,66,TRUE,TRUE,1,47,4,0,1,708.5091,4,9.115185613
1029,2/28/20,176,22,TRUE,TRUE,1,135,13,0,0,1391.948769,3,5.308833282
1030,2/29/20,43,48,FALSE,TRUE,1,135,12,1,1,1757.94068,4,1.957685164
1031,3/1/20,12,22,FALSE,FALSE,1,87,6,1,1,898.0446,4,6.34658016
1032,3/2/20,199,80,FALSE,FALSE,1,173,16,0,1,1730.758006,1,6.113847558
1033,3/2/20,167,64,TRUE,FALSE,1,244,19,0,1,2326.052006,4,1.924205587
1034,3/2/20,73,30,TRUE,FALSE,1,20,1,0,0,120,4,4.498322115
1035,3/2/20,207,67,TRUE,TRUE,1,13,1,0,1,169,1,2.814448525
1036,3/2/20,181,52,FALSE,FALSE,1,129,12,0,0,1286.185724,4,5.63413929
1037,3/2/20,31,33,FALSE,FALSE,1,20,2,0,1,103.8,1,0.355831462
1038,3/2/20,229,52,TRUE,FALSE,1,17,3,1,0,118.0146,1,10.72730867
1039,3/2/20,212,26,FALSE,FALSE,2,150,15,1,1,1667.190958,3,3.860844299
1040,3/2/20,135,49,TRUE,TRUE,2,64,4,1,0,640.300333,1,6.159828304
1041,3/2/20,71,69,TRUE,FALSE,1,160,13,0,0,1592.71581,5,4.493542256
1042,3/2/20,25,38,FALSE,TRUE,1,175,14,0,0,2047.637503,5,6.446139833
1043,3/2/20,10,23,FALSE,FALSE,1,109,13,1,0,1069.920228,2,1.565371878
1044,3/3/20,213,55,TRUE,FALSE,1,141,16,1,0,1583.803644,5,6.062969583
1045,3/3/20,86,48,TRUE,TRUE,1,60,5,0,1,878.31148,2,6.118773585
1046,3/3/20,54,19,TRUE,TRUE,1,82,6,1,0,967.808,2,6.23368774
1047,3/4/20,159,75,TRUE,FALSE,2,38,3,2,0,272.4784659,3,4.599797288
1048,3/5/20,54,19,FALSE,TRUE,2,164,14,1,0,1866.982583,2,6.23368774
1049,3/5/20,66,23,TRUE,TRUE,1,71,7,1,0,658.8469705,3,2.552869138
1050,3/6/20,197,28,TRUE,FALSE,1,80,7,0,1,802.1818454,4,3.15612826
1051,3/7/20,176,22,TRUE,TRUE,2,80,9,0,0,671.1389663,2,5.308833282
1052,3/7/20,103,77,FALSE,TRUE,1,227,19,1,1,2157.961723,2,4.15081894
1053,3/7/20,182,64,FALSE,FALSE,1,191,17,0,0,1800.307231,4,1.093291011
1054,3/7/20,210,37,TRUE,FALSE,1,117,10,0,1,1245.026289,4,1.6848345
1055,3/7/20,2,36,FALSE,TRUE,1,89,7,0,0,782.6285873,4,7.346256146
1056,3/7/20,192,24,TRUE,TRUE,1,75,8,0,0,995.5951985,4,1.034471804
1057,3/7/20,181,52,TRUE,TRUE,2,33,3,0,0,287.1724771,1,5.63413929
1058,3/7/20,244,55,TRUE,TRUE,1,217,19,0,1,2544.016325,1,7.432578625
1059,3/7/20,88,76,TRUE,TRUE,1,16,1,1,0,133.1067788,4,8.9264517
1060,3/7/20,229,52,TRUE,FALSE,2,21,2,1,1,307.2501709,5,10.72730867
1061,3/7/20,193,74,TRUE,TRUE,1,89,10,0,0,1115.979294,2,5.538858462
1062,3/7/20,97,43,TRUE,TRUE,1,78,9,1,1,1007.807441,3,7.461175708
1063,3/7/20,160,61,TRUE,FALSE,1,80,6,0,0,794.7378756,3,3.464179791
1064,3/7/20,101,68,TRUE,TRUE,1,22,2,1,1,342.344,1,7.237996284
1065,3/7/20,16,27,FALSE,TRUE,1,139,14,0,1,1272.884066,4,7.866926004
1066,3/8/20,227,26,TRUE,FALSE,1,89,7,0,1,938.2887763,2,4.47458429
1067,3/8/20,48,31,FALSE,FALSE,2,101,8,2,0,1075.597654,2,2.462335212
1068,3/9/20,69,60,FALSE,FALSE,1,124,13,1,0,1157.793869,5,2.035294153
1069,3/10/20,146,30,TRUE,FALSE,1,175,16,1,0,2136.17663,5,4.683042343
1070,3/11/20,128,20,TRUE,FALSE,1,52,7,0,1,700.521,1,2.66725904
1071,3/12/20,218,79,TRUE,FALSE,1,95,15,0,0,974.5989332,5,4.639080769
1072,3/12/20,202,63,FALSE,FALSE,1,6,1,0,0,33.12,1,4.057888646
1073,3/13/20,167,64,TRUE,TRUE,2,63,6,0,1,496.12178,4,1.924205587
1074,3/13/20,244,55,FALSE,TRUE,2,125,12,1,1,1437.778146,5,7.432578625
1075,3/14/20,75,78,FALSE,TRUE,1,125,10,1,1,1060.472399,3,4.426687801
1076,3/15/20,165,65,FALSE,TRUE,1,58,4,0,1,498.742935,5,4.352632395
1077,3/15/20,69,60,FALSE,TRUE,2,193,19,2,1,2119.280442,5,2.035294153
1078,3/15/20,177,58,FALSE,TRUE,2,80,8,0,2,684.213,5,1.418204562
1079,3/15/20,97,43,FALSE,TRUE,2,166,18,1,2,2083.622746,3,7.461175708
1080,3/15/20,15,42,TRUE,FALSE,1,126,12,1,1,1314.445001,1,0.44689642
1081,3/16/20,224,63,TRUE,FALSE,1,106,10,0,0,934.2606654,5,3.674546419
1082,3/17/20,61,49,FALSE,FALSE,1,110,11,1,0,1420.256504,4,6.740970063
1083,3/17/20,184,35,TRUE,TRUE,1,149,16,0,0,1854.64525,1,9.0250165
1084,3/17/20,8,47,TRUE,FALSE,1,91,7,1,1,556.8256341,4,11.22596076
1085,3/18/20,242,27,TRUE,TRUE,1,195,20,1,1,1974.665772,3,9.491452817
1086,3/18/20,213,55,TRUE,FALSE,2,75,8,2,1,847.9047159,5,6.062969583
1087,3/18/20,159,75,FALSE,TRUE,3,105,13,2,0,1541.71964,2,4.599797288
1088,3/18/20,12,22,FALSE,FALSE,2,20,2,1,1,356.524,4,6.34658016
1089,3/18/20,179,29,TRUE,TRUE,2,79,7,1,1,607.11542,1,3.515846652
1090,3/19/20,184,35,FALSE,TRUE,2,162,15,1,0,1359.366791,3,9.0250165
1091,3/19/20,208,61,FALSE,FALSE,1,134,15,0,1,1221.778375,3,3.471250388
1092,3/19/20,1,60,FALSE,FALSE,1,132,16,1,0,1522.489051,1,5.177537469
1093,3/19/20,176,22,TRUE,FALSE,3,64,7,0,0,708.0895351,4,5.308833282
1094,3/20/20,80,52,TRUE,TRUE,1,208,16,1,1,2509.445842,4,9.825675611
1095,3/20/20,107,35,TRUE,TRUE,1,178,16,0,1,2084.08414,2,3.466821668
1096,3/20/20,29,24,TRUE,FALSE,1,120,15,1,0,1432.027295,3,9.78890618
1097,3/20/20,114,20,TRUE,FALSE,1,76,9,1,0,1004.242433,4,3.745891145
1098,3/21/20,201,65,TRUE,FALSE,1,182,15,0,1,2171.413656,5,5.954654784
1099,3/21/20,4,76,TRUE,TRUE,1,183,19,1,0,2490.68154,4,6.483658609
1100,3/21/20,24,76,FALSE,FALSE,1,177,16,1,0,1596.155959,2,5.96523862
1101,3/22/20,202,63,FALSE,TRUE,2,169,18,1,0,1709.507352,5,4.057888646
1102,3/23/20,110,46,TRUE,TRUE,1,96,11,0,1,1198.904837,3,7.288670214
1103,3/23/20,66,23,FALSE,TRUE,2,90,9,2,0,1027.827413,2,2.552869138
1104,3/24/20,217,25,TRUE,TRUE,1,176,17,0,0,2017.024848,1,6.239347823
1105,3/25/20,61,49,FALSE,TRUE,2,80,6,1,0,1001.246041,2,6.740970063
1106,3/26/20,191,44,TRUE,TRUE,1,74,9,0,0,852.365527,2,5.446709794
1107,3/26/20,150,20,TRUE,FALSE,1,46,4,0,1,511.52,2,3.776843847
1108,3/26/20,189,60,FALSE,FALSE,1,188,20,1,0,2134.138548,3,6.752486562
1109,3/26/20,184,35,TRUE,TRUE,3,246,19,2,1,2449.603733,1,9.0250165
1110,3/27/20,78,63,TRUE,TRUE,1,35,5,1,0,374.49,4,5.208313009
1111,3/28/20,180,60,FALSE,TRUE,1,138,13,1,1,1483.9214,2,6.44017571
1112,3/28/20,105,40,TRUE,FALSE,2,111,11,1,0,1457.156156,4,3.98675023
1113,3/28/20,17,57,FALSE,FALSE,1,162,14,1,0,2137.517607,1,3.677748814
1114,3/28/20,38,79,FALSE,FALSE,1,8,1,0,0,120.8,5,5.566147437
1115,3/29/20,20,38,TRUE,FALSE,2,121,13,2,1,1273.799588,4,6.309900483
1116,3/29/20,245,28,FALSE,TRUE,1,225,20,1,1,2741.390986,4,4.032354144
1117,3/29/20,113,29,FALSE,FALSE,1,109,9,0,1,1074.373046,3,8.159944415
1118,3/29/20,187,29,FALSE,FALSE,2,151,11,0,1,1454.813138,2,4.747390449
1119,3/29/20,218,79,TRUE,TRUE,2,73,7,0,0,1040.188517,5,4.639080769
1120,3/29/20,103,77,FALSE,FALSE,2,122,14,2,2,1178.315585,4,4.15081894
1121,3/30/20,171,36,TRUE,FALSE,1,63,5,1,1,707.2,3,6.414425072
1122,3/30/20,127,64,FALSE,FALSE,1,92,11,0,1,971.4500691,2,3.8351684
1123,3/31/20,232,40,FALSE,TRUE,1,45,4,1,0,493.8683023,3,9.71156668
1124,3/31/20,43,48,FALSE,FALSE,2,136,14,2,1,1208.591927,1,1.957685164
1125,3/31/20,164,40,FALSE,TRUE,1,140,16,0,1,1289.822693,1,4.013956275
1126,3/31/20,59,64,FALSE,TRUE,1,248,20,0,1,2974.139065,3,1.208425694
1127,3/31/20,67,48,TRUE,TRUE,1,28,4,0,0,186.236734,4,1.434118821
1128,4/1/20,156,19,TRUE,TRUE,1,175,18,1,0,2077.874646,4,6.91299264
1129,4/2/20,18,40,FALSE,FALSE,1,58,8,1,1,489.52658,2,2.075496743
1130,4/3/20,161,41,FALSE,FALSE,1,120,11,1,1,1789.073184,1,2.303222178
1131,4/3/20,198,25,FALSE,FALSE,1,50,6,1,0,734.7419307,3,1.630032533
1132,4/4/20,190,32,FALSE,FALSE,1,157,15,0,1,1676.524135,5,5.998245027
1133,4/4/20,245,28,FALSE,FALSE,2,53,3,1,2,958.8730938,2,4.032354144
1134,4/5/20,3,78,FALSE,TRUE,1,20,1,1,0,234.28,3,4.487025942
1135,4/5/20,78,63,TRUE,FALSE,2,118,12,1,0,1720.718165,3,5.208313009
1136,4/6/20,168,32,TRUE,FALSE,1,53,5,0,0,623.4715845,3,4.81607685
1137,4/7/20,126,25,TRUE,FALSE,2,90,6,1,0,1274.3854,1,5.547826017
1138,4/8/20,56,65,TRUE,FALSE,1,150,17,1,0,1986.465655,4,1.34650749
1139,4/8/20,153,24,FALSE,FALSE,1,99,7,0,0,1226.656542,1,3.759396046
1140,4/8/20,46,35,TRUE,FALSE,1,20,2,1,1,134.2041572,4,3.946750704
1141,4/8/20,194,19,FALSE,TRUE,1,162,14,1,1,1684.631166,5,3.425864994
1142,4/8/20,179,29,TRUE,TRUE,3,82,8,2,1,787.196932,5,3.515846652
1143,4/9/20,114,20,FALSE,TRUE,2,68,6,1,0,889.7693945,2,3.745891145
1144,4/10/20,207,67,TRUE,TRUE,2,196,19,1,2,2430.041841,1,2.814448525
1145,4/10/20,149,61,FALSE,FALSE,1,9,1,1,0,128.736,1,4.006592171
1146,4/10/20,69,60,FALSE,FALSE,3,135,15,2,1,1298.006336,1,2.035294153
1147,4/10/20,242,27,TRUE,TRUE,2,134,12,1,2,1758.992455,3,9.491452817
1148,4/11/20,6,42,FALSE,FALSE,1,160,15,1,0,1646.196847,5,3.6884945
1149,4/11/20,237,20,TRUE,FALSE,1,128,15,1,1,1540.983107,4,3.077430543
1150,4/11/20,247,65,TRUE,TRUE,1,179,19,1,0,1876.064412,1,0.862449987
1151,4/12/20,192,24,TRUE,FALSE,2,134,14,1,1,1430.135501,1,1.034471804
1152,4/12/20,233,50,TRUE,FALSE,1,103,13,0,1,1131.320321,3,5.321167861
1153,4/12/20,98,61,FALSE,FALSE,4,55,5,1,3,325.8408664,5,4.542856906
1154,4/12/20,123,72,FALSE,FALSE,1,80,6,1,1,859.7138128,4,3.086651429
1155,4/12/20,146,30,TRUE,FALSE,2,140,12,2,0,1709.440252,3,4.683042343
1156,4/13/20,230,41,FALSE,TRUE,1,79,7,1,1,895.1529302,5,3.873706791
1157,4/13/20,2,36,FALSE,FALSE,2,90,7,0,1,815.4466915,5,7.346256146
1158,4/13/20,205,23,TRUE,TRUE,1,60,6,1,0,514.4227367,2,3.374407019
1159,4/13/20,120,34,FALSE,TRUE,1,146,14,1,0,1917.968507,4,4.805634239
1160,4/14/20,201,65,FALSE,FALSE,2,197,19,1,1,2198.926614,1,5.954654784
1161,4/14/20,148,28,TRUE,FALSE,1,165,17,1,1,1631.393908,3,8.600120632
1162,4/15/20,219,48,FALSE,TRUE,2,150,15,0,1,1468.003973,1,3.445143709
1163,4/15/20,241,73,FALSE,FALSE,1,94,10,1,1,1050.635319,3,10.50449338
1164,4/16/20,54,19,FALSE,TRUE,3,88,11,2,0,969.0293371,1,6.23368774
1165,4/16/20,159,75,TRUE,FALSE,4,9,1,3,1,92.25,5,4.599797288
1166,4/16/20,70,57,TRUE,FALSE,1,64,5,1,0,625.0924414,2,11.58906147
1167,4/16/20,146,30,TRUE,FALSE,3,220,18,3,1,2266.915068,4,4.683042343
1168,4/16/20,236,59,TRUE,TRUE,1,223,20,1,0,2037.847891,1,6.818023448
1169,4/16/20,187,29,FALSE,TRUE,3,107,9,0,1,1270.687545,5,4.747390449
1170,4/17/20,66,23,FALSE,TRUE,3,135,14,3,1,1495.352758,1,2.552869138
1171,4/18/20,172,48,TRUE,FALSE,1,10,1,0,0,176.7,5,8.102334817
1172,4/19/20,17,57,TRUE,FALSE,2,28,4,1,0,296.97,5,3.677748814
1173,4/20/20,173,34,FALSE,FALSE,2,108,11,1,1,1584.338152,3,3.16543523
1174,4/20/20,214,77,TRUE,TRUE,1,225,19,1,0,2390.499812,4,3.843277296
1175,4/21/20,223,37,FALSE,TRUE,1,136,14,0,1,1234.028316,1,1.252994753
1176,4/22/20,16,27,FALSE,TRUE,2,44,5,1,2,355.5160762,5,7.866926004
1177,4/22/20,240,76,TRUE,FALSE,1,57,5,1,1,474.3069078,1,4.653037708
1178,4/22/20,62,46,TRUE,TRUE,1,96,9,0,1,752.2149355,2,8.480562385
1179,4/22/20,165,65,FALSE,FALSE,2,231,19,0,2,2424.710949,4,4.352632395
1180,4/22/20,93,22,FALSE,FALSE,2,153,15,0,2,1662.451671,1,2.709455025
1181,4/22/20,43,48,TRUE,TRUE,3,72,5,3,2,715.71615,5,1.957685164
1182,4/23/20,88,76,TRUE,TRUE,2,61,7,1,0,510.3298589,2,8.9264517
1183,4/24/20,160,61,TRUE,FALSE,2,102,8,1,0,1333.86556,4,3.464179791
1184,4/24/20,135,49,TRUE,FALSE,3,222,20,2,0,2401.147637,4,6.159828304
1185,4/25/20,219,48,TRUE,TRUE,3,35,2,1,1,205.188,3,3.445143709
1186,4/25/20,217,25,FALSE,FALSE,2,130,11,0,0,1364.661434,4,6.239347823
1187,4/25/20,141,21,FALSE,TRUE,1,157,12,0,1,1578.893276,3,5.609788454
1188,4/26/20,63,46,TRUE,TRUE,1,17,1,1,1,102,2,7.558361187
1189,4/27/20,10,23,FALSE,TRUE,2,71,7,2,0,1034.929586,4,1.565371878
1190,4/28/20,245,28,TRUE,FALSE,3,17,2,1,3,316.5464,2,4.032354144
1191,4/28/20,8,47,FALSE,TRUE,2,18,2,1,2,187.6336,2,11.22596076
1192,4/28/20,177,58,FALSE,FALSE,3,183,20,0,3,2318.867059,2,1.418204562
1193,4/29/20,86,48,FALSE,FALSE,2,135,16,1,1,1544.806405,3,6.118773585
1194,4/29/20,250,65,FALSE,FALSE,1,43,6,1,1,635.6248115,1,5.809666631
1195,4/30/20,179,29,FALSE,TRUE,4,178,17,3,1,2073.339885,5,3.515846652
1196,4/30/20,14,46,FALSE,FALSE,1,92,8,1,0,862.9756465,1,3.981096043
1197,5/1/20,112,71,FALSE,TRUE,1,19,1,1,1,261.63,4,0.271843242
1198,5/1/20,129,18,TRUE,FALSE,1,86,8,0,0,777.329,4,3.029493236
1199,5/2/20,8,47,TRUE,TRUE,3,101,10,2,3,962.4659584,5,11.22596076
1200,5/2/20,122,28,FALSE,TRUE,1,198,19,1,0,2531.916861,2,1.023942518
1201,5/2/20,130,18,FALSE,TRUE,1,146,16,0,0,1896.137757,5,3.752222012
1202,5/2/20,203,66,FALSE,FALSE,2,226,19,0,2,2518.829975,4,9.115185613
1203,5/2/20,115,39,FALSE,TRUE,1,193,19,0,1,1941.813897,2,2.519797441
1204,5/2/20,55,58,TRUE,TRUE,1,11,1,1,0,101.7422651,3,4.672475358
1205,5/2/20,245,28,FALSE,TRUE,4,186,18,1,3,2175.078179,5,4.032354144
1206,5/2/20,222,54,FALSE,FALSE,1,83,10,0,0,913.2877386,1,0.530450323
1207,5/2/20,173,34,FALSE,TRUE,3,84,6,2,2,1259.815635,2,3.16543523
1208,5/2/20,154,30,TRUE,TRUE,1,64,7,1,1,579.4326219,4,5.248374771
1209,5/2/20,113,29,FALSE,TRUE,2,97,8,1,2,1500.050406,4,8.159944415
1210,5/3/20,44,29,FALSE,FALSE,1,138,14,1,0,1290.1999,1,7.512703976
1211,5/3/20,76,28,TRUE,FALSE,1,117,9,0,1,1309.226635,3,3.746495834
1212,5/3/20,64,53,TRUE,FALSE,2,34,3,1,1,180.06994,4,4.065547898
1213,5/4/20,16,27,TRUE,FALSE,3,108,10,1,3,1294.3974,3,7.866926004
1214,5/5/20,70,57,FALSE,FALSE,2,139,15,2,1,1576.475484,3,11.58906147
1215,5/5/20,118,59,TRUE,FALSE,1,11,2,1,0,79.49971356,4,2.128055037
1216,5/5/20,107,35,TRUE,TRUE,2,170,15,0,1,1258.97889,4,3.466821668
1217,5/5/20,4,76,TRUE,TRUE,2,164,16,1,1,1941.387357,2,6.483658609
1218,5/5/20,20,38,TRUE,FALSE,3,37,5,3,1,557.9270828,4,6.309900483
1219,5/6/20,220,28,FALSE,TRUE,1,122,11,1,1,1554.868916,1,1.635582894
1220,5/7/20,10,23,TRUE,TRUE,3,166,18,3,0,2518.069781,1,1.565371878
1221,5/8/20,2,36,TRUE,FALSE,3,88,7,0,2,1074.110232,4,7.346256146
1222,5/9/20,157,43,TRUE,FALSE,1,204,19,1,1,2173.202239,1,2.890544462
1223,5/9/20,122,28,TRUE,FALSE,2,32,6,2,0,395.904,4,1.023942518
1224,5/9/20,31,33,FALSE,FALSE,2,54,5,1,1,505.9165401,5,0.355831462
1225,5/9/20,124,20,TRUE,FALSE,1,149,14,1,0,1886.08852,5,6.537811778
1226,5/9/20,171,36,FALSE,TRUE,2,1,1,1,1,7.8,1,6.414425072
1227,5/10/20,55,58,TRUE,TRUE,2,48,3,1,0,588.185732,2,4.672475358
1228,5/10/20,97,43,TRUE,TRUE,3,97,11,2,2,1209.852838,2,7.461175708
1229,5/10/20,153,24,TRUE,FALSE,2,47,3,1,0,523.17,1,3.759396046
1230,5/11/20,148,28,TRUE,TRUE,2,211,19,1,1,2769.82705,4,8.600120632
1231,5/11/20,112,71,FALSE,TRUE,2,42,5,2,1,503.628803,5,0.271843242
1232,5/12/20,208,61,TRUE,FALSE,2,61,5,0,1,422.35096,2,3.471250388
1233,5/12/20,99,32,FALSE,TRUE,2,97,10,1,2,948.9589332,2,6.771179784
1234,5/13/20,43,48,TRUE,FALSE,4,158,16,4,3,1827.424681,1,1.957685164
1235,5/13/20,67,48,FALSE,TRUE,2,57,7,1,1,752.4327152,1,1.434118821
1236,5/14/20,224,63,TRUE,FALSE,2,115,14,1,0,1561.369215,4,3.674546419
1237,5/15/20,182,64,FALSE,TRUE,2,163,16,1,0,1919.004484,2,1.093291011
1238,5/15/20,16,27,TRUE,FALSE,4,181,15,1,3,1417.715148,5,7.866926004
1239,5/16/20,237,20,FALSE,FALSE,2,184,20,1,2,2165.415143,2,3.077430543
1240,5/16/20,48,31,TRUE,FALSE,3,218,19,3,0,2390.766531,5,2.462335212
1241,5/16/20,80,52,TRUE,FALSE,2,49,4,1,2,499.964565,2,9.825675611
1242,5/17/20,167,64,FALSE,TRUE,3,22,2,1,2,220.128,5,1.924205587
1243,5/18/20,2,36,FALSE,FALSE,4,63,11,1,2,839.2808649,3,7.346256146
1244,5/18/20,245,28,FALSE,TRUE,5,220,18,1,4,2350.087793,3,4.032354144
1245,5/19/20,241,73,FALSE,TRUE,2,90,7,2,1,757.50332,1,10.50449338
1246,5/19/20,48,31,FALSE,TRUE,4,122,11,4,1,1452.801194,5,2.462335212
1247,5/19/20,168,32,FALSE,TRUE,2,54,6,0,1,675.1092855,4,4.81607685
1248,5/19/20,234,60,FALSE,TRUE,1,202,18,1,0,2165.024836,3,4.163894041
1249,5/20/20,17,57,FALSE,FALSE,3,59,7,1,1,550.3452643,2,3.677748814
1250,5/20/20,72,59,TRUE,TRUE,2,138,13,0,2,1207.15541,3,3.604686537
1251,5/20/20,248,72,TRUE,FALSE,1,179,17,0,1,1876.334841,3,5.835553602
1252,5/21/20,47,66,TRUE,FALSE,1,144,15,1,1,1822.339049,1,3.78072899
1253,5/21/20,214,77,TRUE,TRUE,2,105,9,2,0,1406.146327,4,3.843277296
1254,5/21/20,244,55,TRUE,TRUE,3,179,17,1,1,2070.530218,1,7.432578625
1255,5/21/20,128,20,FALSE,FALSE,2,183,17,0,1,2216.276593,4,2.66725904
1256,5/21/20,86,48,TRUE,FALSE,3,198,17,2,2,2192.713978,5,6.118773585
1257,5/21/20,55,58,FALSE,FALSE,3,114,14,2,1,1450.114216,4,4.672475358
1258,5/22/20,122,28,FALSE,TRUE,3,62,7,2,1,658.2178736,1,1.023942518
1259,5/22/20,186,26,FALSE,TRUE,1,82,12,1,0,547.8568671,5,2.081867136
1260,5/22/20,199,80,TRUE,FALSE,2,155,12,0,1,1244.095256,2,6.113847558
1261,5/22/20,148,28,TRUE,TRUE,3,219,19,1,2,2455.858952,4,8.600120632
1262,5/22/20,123,72,TRUE,FALSE,2,39,6,2,1,386.99437,3,3.086651429
1263,5/22/20,20,38,FALSE,FALSE,4,208,17,3,1,2207.398325,3,6.309900483
1264,5/23/20,229,52,TRUE,TRUE,3,174,18,2,2,1689.406283,4,10.72730867
1265,5/23/20,76,28,FALSE,TRUE,2,73,7,1,1,755.9540493,1,3.746495834
1266,5/23/20,102,30,FALSE,TRUE,1,76,6,1,1,816.1667896,5,8.407726266
1267,5/23/20,245,28,FALSE,FALSE,6,103,8,1,4,910.1418906,4,4.032354144
1268,5/23/20,188,42,TRUE,TRUE,1,145,14,1,1,2018.320978,2,7.712595061
1269,5/23/20,43,48,TRUE,FALSE,5,25,4,5,3,286.7616765,2,1.957685164
1270,5/23/20,185,65,TRUE,FALSE,1,33,3,0,0,451.5,2,3.965969576
1271,5/23/20,63,46,TRUE,FALSE,2,129,13,1,2,1349.007065,3,7.558361187
1272,5/24/20,36,65,FALSE,FALSE,1,20,1,1,1,362.616,4,5.052117706
1273,5/24/20,90,66,FALSE,TRUE,1,72,5,0,1,706.5706271,1,7.21004567
1274,5/24/20,221,72,FALSE,TRUE,1,162,15,1,0,1760.214911,2,4.83387012
1275,5/25/20,96,51,TRUE,TRUE,1,2,1,1,1,10,2,4.606269986
1276,5/26/20,205,23,TRUE,TRUE,2,89,6,1,1,830.256,2,3.374407019
1277,5/26/20,218,79,TRUE,TRUE,3,61,7,0,0,960.9616225,1,4.639080769
1278,5/26/20,148,28,FALSE,FALSE,4,167,14,1,3,2084.547966,5,8.600120632
1279,5/26/20,44,29,TRUE,TRUE,2,3,1,2,1,10.618161,3,7.512703976
1280,5/27/20,189,60,TRUE,FALSE,2,17,1,1,1,51,5,6.752486562
1281,5/28/20,173,34,FALSE,TRUE,4,106,9,3,2,1205.144928,1,3.16543523
1282,5/29/20,233,50,TRUE,FALSE,2,158,16,1,2,1581.811922,4,5.321167861
1283,5/29/20,114,20,TRUE,TRUE,3,10,1,1,0,99,4,3.745891145
1284,5/29/20,96,51,TRUE,TRUE,2,154,13,1,2,1365.185162,5,4.606269986
1285,5/29/20,247,65,TRUE,TRUE,2,199,19,1,0,2125.031589,3,0.862449987
1286,5/29/20,168,32,TRUE,TRUE,3,151,12,0,1,1769.649726,2,4.81607685
1287,5/30/20,104,35,TRUE,TRUE,1,60,5,0,0,665.9959419,3,4.506316538
1288,5/30/20,65,42,FALSE,FALSE,2,81,5,0,1,816.5447793,5,5.073594428
1289,5/31/20,88,76,TRUE,FALSE,3,188,16,2,1,1925.17002,5,8.9264517
1290,5/31/20,210,37,FALSE,TRUE,2,202,17,0,2,2004.526812,2,1.6848345
1291,5/31/20,64,53,TRUE,FALSE,3,155,12,1,2,1680.085728,2,4.065547898
1292,5/31/20,112,71,TRUE,TRUE,3,78,8,3,1,844.8026445,2,0.271843242
1293,5/31/20,201,65,FALSE,FALSE,3,125,14,1,1,1313.392129,1,5.954654784
1294,5/31/20,207,67,FALSE,TRUE,3,60,8,2,3,674.3651016,5,2.814448525
1295,5/31/20,185,65,TRUE,FALSE,2,34,3,1,1,391.4795986,4,3.965969576
1296,6/1/20,70,57,FALSE,TRUE,3,197,20,2,2,2064.399757,4,11.58906147
1297,6/2/20,184,35,TRUE,FALSE,4,29,2,2,1,458.4506,2,9.0250165
1298,6/3/20,219,48,FALSE,FALSE,4,59,9,1,2,644.8042179,4,3.445143709
1299,6/3/20,241,73,TRUE,FALSE,3,201,19,3,1,2190.688678,4,10.50449338
1300,6/4/20,142,78,TRUE,TRUE,1,107,13,0,1,1331.570725,3,6.475172356
1301,6/4/20,134,60,TRUE,TRUE,1,55,5,1,0,535.1006662,3,6.481454912
1302,6/4/20,3,78,TRUE,TRUE,2,137,13,1,1,1775.392905,2,4.487025942
1303,6/4/20,170,52,TRUE,FALSE,1,62,5,0,1,791.1986096,2,5.930274874
1304,6/4/20,145,35,FALSE,FALSE,1,209,20,0,0,2239.682575,1,9.858823268
1305,6/5/20,231,30,TRUE,TRUE,1,236,20,1,1,2321.893219,5,6.941159977
1306,6/5/20,244,55,FALSE,TRUE,4,49,7,2,2,585.41764,5,7.432578625
1307,6/5/20,49,41,TRUE,TRUE,2,25,2,0,0,280.521574,2,4.766946844
1308,6/5/20,20,38,FALSE,FALSE,5,155,14,4,2,1837.508657,5,6.309900483
1309,6/5/20,157,43,FALSE,TRUE,2,78,6,2,2,909.55677,3,2.890544462
1310,6/5/20,176,22,FALSE,FALSE,4,9,1,1,0,63,5,5.308833282
1311,6/6/20,172,48,TRUE,TRUE,2,17,2,0,1,158.125152,2,8.102334817
1312,6/6/20,186,26,FALSE,TRUE,2,67,7,2,1,612.64984,5,2.081867136
1313,6/7/20,108,18,TRUE,TRUE,1,66,5,1,0,621.7465362,3,10.64081046
1314,6/7/20,167,64,FALSE,TRUE,4,107,11,2,2,1345.768496,3,1.924205587
1315,6/7/20,214,77,TRUE,FALSE,3,193,17,3,1,1711.118494,4,3.843277296
1316,6/7/20,150,20,TRUE,TRUE,2,79,8,0,2,590.2,3,3.776843847
1317,6/7/20,103,77,FALSE,TRUE,3,197,18,2,3,1809.061102,1,4.15081894
1318,6/7/20,235,22,FALSE,FALSE,1,126,16,1,0,1280.550944,3,6.351992246
1319,6/7/20,250,65,TRUE,FALSE,2,52,6,1,1,522.1860044,1,5.809666631
1320,6/7/20,90,66,FALSE,FALSE,2,55,4,1,1,260.0629496,5,7.21004567
1321,6/7/20,65,42,FALSE,FALSE,3,217,19,1,2,2176.273497,2,5.073594428
1322,6/8/20,85,72,TRUE,TRUE,1,32,2,1,1,322.5924,4,10.32286473
1323,6/8/20,42,70,FALSE,TRUE,1,61,5,1,1,792.5159445,1,1.493271021
1324,6/8/20,119,66,TRUE,FALSE,1,136,17,0,0,1524.945573,5,9.878219984
1325,6/8/20,31,33,TRUE,TRUE,3,41,3,2,1,455.0866,1,0.355831462
1326,6/8/20,92,80,FALSE,FALSE,1,97,6,1,0,934.6033098,1,6.292447513
1327,6/8/20,12,22,TRUE,TRUE,3,180,16,1,2,1597.70459,2,6.34658016
1328,6/8/20,64,53,TRUE,TRUE,4,76,6,2,3,735.4836508,5,4.065547898
1329,6/9/20,207,67,TRUE,TRUE,4,53,6,2,3,742.7004005,2,2.814448525
1330,6/10/20,176,22,FALSE,FALSE,5,40,4,2,1,421.0386655,3,5.308833282
1331,6/10/20,33,38,FALSE,FALSE,1,51,5,1,0,564.541322,4,1.842679159
1332,6/10/20,102,30,TRUE,TRUE,2,72,10,2,1,922.3937693,4,8.407726266
1333,6/10/20,195,61,FALSE,TRUE,1,97,12,1,0,1022.483299,1,5.498836519
1334,6/10/20,102,30,TRUE,TRUE,3,75,7,3,1,671.4613984,5,8.407726266
1335,6/10/20,115,39,FALSE,TRUE,2,230,16,0,1,2816.745641,1,2.519797441
1336,6/10/20,210,37,TRUE,TRUE,3,119,10,1,3,754.9604669,2,1.6848345
1337,6/10/20,33,38,TRUE,FALSE,2,92,8,1,1,758.5928429,5,1.842679159
1338,6/10/20,131,23,FALSE,FALSE,1,174,14,0,1,1878.134883,4,9.708721331
1339,6/10/20,56,65,FALSE,TRUE,2,121,10,2,0,1500.231124,4,1.34650749
1340,6/11/20,3,78,TRUE,TRUE,3,182,18,1,2,2184.83042,2,4.487025942
1341,6/11/20,237,20,TRUE,TRUE,3,20,3,2,3,226.1,4,3.077430543
1342,6/12/20,126,25,FALSE,TRUE,3,54,7,1,1,755.8316448,1,5.547826017
1343,6/13/20,185,65,TRUE,FALSE,3,165,16,1,1,2061.484868,2,3.965969576
1344,6/14/20,144,35,TRUE,FALSE,1,137,11,0,1,1215.015522,4,4.2807758
1345,6/14/20,80,52,TRUE,FALSE,3,104,8,1,3,1368.754959,2,9.825675611
1346,6/15/20,158,21,FALSE,FALSE,1,98,9,0,1,1406.750859,2,7.309639105
1347,6/15/20,197,28,FALSE,TRUE,2,48,8,1,1,499.3936882,4,3.15612826
1348,6/15/20,48,31,FALSE,TRUE,5,36,4,5,1,431.3,1,2.462335212
1349,6/15/20,11,54,FALSE,FALSE,1,15,2,0,0,119.6,4,0.245960222
1350,6/15/20,167,64,TRUE,FALSE,5,101,9,3,2,1395.839847,1,1.924205587
1351,6/16/20,26,42,TRUE,TRUE,1,4,1,0,0,40,4,5.215165469
1352,6/17/20,15,42,FALSE,FALSE,2,17,1,1,1,153,2,0.44689642
1353,6/18/20,147,41,TRUE,TRUE,1,66,7,1,0,555.6452769,4,2.922147788
1354,6/18/20,183,21,TRUE,FALSE,1,31,3,1,1,438.84,2,2.620028165
1355,6/18/20,80,52,FALSE,TRUE,4,141,17,2,4,1112.202742,4,9.825675611
1356,6/18/20,37,33,FALSE,TRUE,1,96,8,0,0,990.876868,1,1.032164406
1357,6/19/20,141,21,FALSE,FALSE,2,58,7,0,2,757.6124431,5,5.609788454
1358,6/20/20,68,44,FALSE,TRUE,1,55,3,1,1,332.007,3,4.123203989
1359,6/20/20,77,74,FALSE,FALSE,1,54,3,1,1,719.3110827,3,9.568429399
1360,6/20/20,169,31,FALSE,TRUE,1,90,9,0,0,1171.739901,1,1.586633839
1361,6/20/20,60,51,FALSE,FALSE,1,72,10,1,1,720.9354386,3,6.875031712
1362,6/20/20,85,72,FALSE,TRUE,2,93,10,2,2,1134.556633,2,10.32286473
1363,6/20/20,182,64,TRUE,FALSE,3,3,2,1,0,15.98958308,3,1.093291011
1364,6/20/20,33,38,FALSE,TRUE,3,69,6,1,2,775.001971,3,1.842679159
1365,6/21/20,49,41,TRUE,TRUE,3,104,13,1,1,960.9239015,1,4.766946844
1366,6/21/20,51,55,TRUE,TRUE,2,38,3,1,1,461.5166,2,4.918648875
1367,6/21/20,130,18,TRUE,FALSE,2,8,1,1,0,38.4544,4,3.752222012
1368,6/21/20,203,66,TRUE,FALSE,3,60,5,1,2,560.1934117,5,9.115185613
1369,6/21/20,42,70,FALSE,TRUE,2,142,14,2,1,1668.019796,3,1.493271021
1370,6/22/20,59,64,FALSE,TRUE,2,54,4,0,1,558.9226111,3,1.208425694
1371,6/23/20,231,30,FALSE,FALSE,2,189,17,2,1,1550.181456,1,6.941159977
1372,6/23/20,217,25,FALSE,TRUE,3,64,6,0,1,687.650339,4,6.239347823
1373,6/24/20,82,21,TRUE,FALSE,1,92,8,1,1,1138.140924,4,3.99795301
1374,6/24/20,147,41,FALSE,TRUE,2,87,7,2,0,950.8448971,2,2.922147788
1375,6/24/20,164,40,FALSE,FALSE,2,17,1,1,1,306,4,4.013956275
1376,6/25/20,36,65,TRUE,TRUE,2,1,1,1,1,5.6,1,5.052117706
1377,6/25/20,220,28,FALSE,TRUE,2,169,18,2,1,2367.885307,5,1.635582894
1378,6/25/20,29,24,TRUE,FALSE,2,6,1,2,0,12,4,9.78890618
1379,6/25/20,250,65,TRUE,TRUE,3,28,2,2,2,225.9993129,5,5.809666631
1380,6/26/20,69,60,TRUE,TRUE,4,87,8,2,2,1077.651684,4,2.035294153
1381,6/27/20,82,21,TRUE,TRUE,2,205,18,1,2,2224.399125,4,3.99795301
1382,6/28/20,18,40,FALSE,FALSE,2,133,15,2,2,1253.684529,3,2.075496743
1383,6/28/20,111,80,TRUE,FALSE,1,4,3,1,1,49.377,1,5.931350743
1384,6/28/20,203,66,TRUE,FALSE,4,128,13,2,3,1530.000696,1,9.115185613
1385,6/28/20,132,62,TRUE,FALSE,1,111,14,0,1,1112.988598,5,6.783002549
1386,6/29/20,164,40,FALSE,TRUE,3,108,13,1,2,1176.40358,3,4.013956275
1387,6/29/20,62,46,FALSE,FALSE,2,180,15,0,1,1957.580138,1,8.480562385
1388,6/29/20,207,67,TRUE,TRUE,5,32,2,2,4,219.594437,5,2.814448525
1389,6/29/20,205,23,FALSE,TRUE,3,168,19,2,1,1969.232634,2,3.374407019
1390,6/29/20,120,34,TRUE,FALSE,2,45,6,2,0,736.6331268,2,4.805634239
1391,6/29/20,109,42,FALSE,FALSE,2,107,12,1,1,1294.064748,2,7.580989779
1392,6/30/20,56,65,FALSE,FALSE,3,132,12,3,1,915.438035,1,1.34650749
1393,7/1/20,241,73,FALSE,FALSE,4,73,7,3,1,639.3350478,2,10.50449338
1394,7/1/20,6,42,TRUE,TRUE,2,219,20,2,0,2662.321979,5,3.6884945
1395,7/1/20,37,33,TRUE,FALSE,2,14,1,0,1,206.08,1,1.032164406
1396,7/2/20,246,70,FALSE,TRUE,1,95,11,1,0,1139.677376,1,12.31476476
1397,7/2/20,5,65,FALSE,FALSE,1,189,19,1,0,2422.871559,5,2.554377474
1398,7/3/20,229,52,FALSE,FALSE,4,191,17,2,2,2474.69944,2,10.72730867
1399,7/3/20,3,78,TRUE,TRUE,4,41,4,1,2,109.5209365,2,4.487025942
1400,7/3/20,37,33,TRUE,FALSE,3,84,6,1,2,594.8351176,4,1.032164406
1401,7/3/20,134,60,TRUE,TRUE,2,121,10,2,0,1288.420972,3,6.481454912
1402,7/3/20,92,80,FALSE,FALSE,2,52,5,1,1,733.304538,3,6.292447513
1403,7/3/20,74,40,TRUE,FALSE,2,50,5,0,1,418.45887,1,6.16460147
1404,7/3/20,28,56,TRUE,TRUE,1,13,1,0,1,143,1,10.42856725
1405,7/4/20,21,37,TRUE,TRUE,1,224,19,1,0,2132.632149,1,7.356249582
1406,7/4/20,113,29,TRUE,TRUE,3,26,3,2,3,458.38728,1,8.159944415
1407,7/4/20,88,76,TRUE,FALSE,4,58,4,3,1,792.2751272,2,8.9264517
1408,7/4/20,204,20,TRUE,FALSE,1,22,2,1,0,135.6456066,5,10.65025685
1409,7/5/20,19,79,TRUE,TRUE,1,175,15,1,0,1529.012404,1,4.581469128
1410,7/5/20,178,51,TRUE,FALSE,2,171,18,1,0,1768.599615,3,4.388328046
1411,7/5/20,18,40,FALSE,TRUE,3,38,3,2,2,479.306521,4,2.075496743
1412,7/5/20,114,20,TRUE,TRUE,4,143,14,2,1,1582.66614,4,3.745891145
1413,7/6/20,116,49,TRUE,TRUE,1,44,5,1,0,567.272,5,1.53517157
1414,7/7/20,240,76,TRUE,TRUE,2,30,3,1,2,140.8770276,3,4.653037708
1415,7/7/20,9,38,TRUE,TRUE,1,102,12,1,1,1194.153509,3,3.695825043
1416,7/8/20,104,35,FALSE,TRUE,2,57,5,1,1,372.818145,2,4.506316538
1417,7/9/20,18,40,FALSE,FALSE,4,97,11,2,2,994.6456794,5,2.075496743
1418,7/9/20,68,44,FALSE,FALSE,2,144,15,1,1,1882.722465,2,4.123203989
1419,7/9/20,138,18,FALSE,TRUE,1,119,14,1,1,1638.578932,1,7.58902612
1420,7/9/20,146,30,FALSE,TRUE,4,128,9,4,2,1205.981445,3,4.683042343
1421,7/10/20,204,20,FALSE,FALSE,2,134,10,2,0,1326.236712,3,10.65025685
1422,7/11/20,155,35,FALSE,FALSE,2,244,20,1,1,2942.964881,3,3.767514876
1423,7/11/20,154,30,FALSE,TRUE,2,148,14,2,2,2020.877695,3,5.248374771
1424,7/11/20,163,47,TRUE,FALSE,1,178,16,0,0,2073.445453,4,0.301904439
1425,7/11/20,145,35,TRUE,TRUE,2,93,8,1,0,1362.126415,4,9.858823268
1426,7/11/20,36,65,TRUE,FALSE,3,33,2,1,1,232.3558,2,5.052117706
1427,7/12/20,227,26,FALSE,TRUE,2,118,11,1,2,1235.7509,5,4.47458429
1428,7/12/20,8,47,FALSE,FALSE,4,25,2,2,4,70.7,2,11.22596076
1429,7/12/20,172,48,FALSE,TRUE,3,85,8,0,2,753.7640447,4,8.102334817
1430,7/12/20,27,77,FALSE,FALSE,1,58,6,0,1,720.3848784,1,8.180446288
1431,7/12/20,139,61,FALSE,TRUE,1,121,11,0,0,1008.468801,3,4.82677874
1432,7/12/20,144,35,FALSE,FALSE,2,151,15,0,1,1690.228234,2,4.2807758
1433,7/13/20,218,79,FALSE,TRUE,4,52,5,0,1,350.3091511,1,4.639080769
1434,7/13/20,48,31,TRUE,FALSE,6,8,1,5,1,158.1414984,5,2.462335212
1435,7/13/20,66,23,TRUE,TRUE,4,192,18,4,2,2320.831784,5,2.552869138
1436,7/14/20,41,56,FALSE,TRUE,1,162,16,1,1,1770.275175,4,4.363566024
1437,7/14/20,99,32,FALSE,FALSE,3,81,8,2,2,1182.421725,4,6.771179784
1438,7/14/20,134,60,FALSE,TRUE,3,42,4,3,0,267.225952,3,6.481454912
1439,7/14/20,4,76,TRUE,FALSE,3,89,9,1,2,866.3661531,2,6.483658609
1440,7/15/20,22,35,FALSE,TRUE,1,87,7,0,0,1131.510758,5,6.34579195
1441,7/15/20,185,65,FALSE,TRUE,4,107,11,2,1,1358.560594,3,3.965969576
1442,7/15/20,55,58,TRUE,FALSE,4,38,3,2,1,553.2337728,5,4.672475358
1443,7/15/20,43,48,FALSE,FALSE,6,67,9,5,4,702.9742271,1,1.957685164
1444,7/15/20,94,26,TRUE,FALSE,1,118,13,1,1,1299.213096,2,3.858427815
1445,7/15/20,86,48,TRUE,TRUE,4,112,10,3,2,1100.17166,1,6.118773585
1446,7/15/20,69,60,TRUE,TRUE,5,147,13,2,2,1431.329992,2,2.035294153
1447,7/16/20,40,73,FALSE,TRUE,1,113,13,0,0,952.9179013,1,5.241868257
1448,7/16/20,72,59,FALSE,FALSE,3,112,10,0,3,1110.375554,4,3.604686537
1449,7/16/20,110,46,TRUE,TRUE,2,24,4,0,1,231.2345188,4,7.288670214
1450,7/16/20,19,79,FALSE,TRUE,2,33,4,1,0,441.9030362,5,4.581469128
1451,7/16/20,87,77,FALSE,TRUE,1,190,20,1,0,2386.461203,2,4.437637543
1452,7/16/20,84,25,FALSE,FALSE,1,138,16,1,1,1872.45971,1,4.686952118
1453,7/16/20,26,42,TRUE,FALSE,2,25,3,1,0,348.3530601,4,5.215165469
1454,7/16/20,223,37,FALSE,TRUE,2,170,15,0,2,1402.942653,4,1.252994753
1455,7/16/20,240,76,FALSE,TRUE,3,226,19,2,3,3093.292168,5,4.653037708
1456,7/16/20,219,48,TRUE,FALSE,5,126,16,1,3,1156.913818,2,3.445143709
1457,7/17/20,191,44,TRUE,TRUE,2,191,16,0,0,1798.869156,4,5.446709794
1458,7/17/20,126,25,FALSE,FALSE,4,64,4,2,1,623.055456,5,5.547826017
1459,7/17/20,119,66,TRUE,FALSE,2,83,9,0,0,1055.070664,4,9.878219984
1460,7/17/20,103,77,FALSE,FALSE,4,12,1,3,3,164.4,3,4.15081894
1461,7/17/20,143,42,TRUE,FALSE,1,101,9,0,1,919.9600888,5,4.550223114
1462,7/18/20,109,42,FALSE,TRUE,3,79,10,2,1,649.1556844,2,7.580989779
1463,7/18/20,21,37,FALSE,FALSE,2,95,9,1,0,1542.417074,5,7.356249582
1464,7/19/20,228,74,TRUE,TRUE,1,138,12,0,0,1542.834835,3,7.391559005
1465,7/19/20,118,59,TRUE,TRUE,2,192,20,1,0,1995.43317,4,2.128055037
1466,7/19/20,127,64,FALSE,TRUE,2,42,4,1,2,526.5599526,3,3.8351684
1467,7/19/20,161,41,TRUE,FALSE,2,33,4,2,1,468.5961296,1,2.303222178
1468,7/19/20,159,75,TRUE,TRUE,5,229,20,4,2,2391.137342,2,4.599797288
1469,7/20/20,202,63,FALSE,FALSE,3,25,2,2,0,134.4,5,4.057888646
1470,7/21/20,250,65,TRUE,FALSE,4,128,15,3,3,1433.939093,2,5.809666631
1471,7/21/20,40,73,FALSE,TRUE,2,25,2,1,0,371.2,1,5.241868257
1472,7/22/20,76,28,FALSE,FALSE,3,87,9,1,1,908.6218414,3,3.746495834
1473,7/22/20,179,29,FALSE,TRUE,5,46,6,3,1,359.2170603,1,3.515846652
1474,7/23/20,55,58,TRUE,FALSE,5,112,11,3,1,1552.822562,4,4.672475358
1475,7/24/20,141,21,TRUE,TRUE,3,107,9,0,3,1350.103012,1,5.609788454
1476,7/25/20,147,41,FALSE,TRUE,3,86,10,2,0,1216.769481,2,2.922147788
1477,7/26/20,173,34,FALSE,TRUE,5,132,13,4,3,1460.030339,3,3.16543523
1478,7/26/20,47,66,TRUE,TRUE,2,49,6,1,1,492.0899329,5,3.78072899
1479,7/27/20,97,43,TRUE,FALSE,4,83,6,3,2,668.4242777,2,7.461175708
1480,7/28/20,83,37,TRUE,FALSE,1,132,14,1,1,1420.08123,1,4.018117173
1481,7/28/20,230,41,FALSE,TRUE,2,31,3,2,2,267.39,4,3.873706791
1482,7/29/20,110,46,FALSE,TRUE,3,70,7,1,2,473.322,1,7.288670214
1483,7/29/20,250,65,TRUE,TRUE,5,95,9,4,4,1195.523272,3,5.809666631
1484,7/30/20,87,77,FALSE,TRUE,2,186,17,1,1,2021.574134,4,4.437637543
1485,7/31/20,118,59,FALSE,TRUE,3,125,9,2,0,1346.597029,4,2.128055037
1486,7/31/20,136,26,FALSE,FALSE,1,53,8,1,1,362.4436714,3,3.962373221
1487,7/31/20,30,26,FALSE,TRUE,1,156,15,0,0,1771.13336,1,1.985313223
1488,7/31/20,5,65,TRUE,TRUE,2,72,8,2,1,847.8873322,1,2.554377474
1489,7/31/20,159,75,FALSE,TRUE,6,45,5,4,3,330.4425558,1,4.599797288
1490,8/1/20,246,70,TRUE,FALSE,2,40,6,1,1,375.7387408,2,12.31476476
1491,8/1/20,91,59,FALSE,FALSE,1,58,6,0,0,658.2085786,3,4.28992763
1492,8/1/20,134,60,FALSE,FALSE,4,64,6,3,1,701.0690328,2,6.481454912
1493,8/2/20,115,39,FALSE,TRUE,3,26,2,0,2,467.3349664,1,2.519797441
1494,8/2/20,169,31,FALSE,FALSE,2,100,11,1,0,1205.523745,1,1.586633839
1495,8/2/20,203,66,FALSE,TRUE,5,37,2,3,3,443.606,3,9.115185613
1496,8/3/20,146,30,TRUE,FALSE,5,97,11,5,3,638.216635,5,4.683042343
1497,8/4/20,250,65,FALSE,FALSE,6,262,20,5,5,2963.693478,1,5.809666631
1498,8/4/20,188,42,TRUE,TRUE,2,97,9,1,1,1330.441377,5,7.712595061
1499,8/4/20,58,59,TRUE,TRUE,1,182,18,1,0,2065.601829,3,4.6439844
1500,8/4/20,132,62,TRUE,TRUE,2,268,20,0,2,2540.727457,5,6.783002549
1501,8/4/20,168,32,FALSE,TRUE,4,135,12,1,1,1788.356149,3,4.81607685
1502,8/5/20,195,61,FALSE,TRUE,2,76,7,1,0,708.160145,2,5.498836519
1503,8/5/20,47,66,FALSE,TRUE,3,80,11,2,1,1115.966407,2,3.78072899
1504,8/6/20,90,66,TRUE,FALSE,3,12,3,2,1,183,2,7.21004567
1505,8/6/20,150,20,TRUE,TRUE,3,39,5,0,3,338.7876,3,3.776843847
1506,8/6/20,225,42,FALSE,TRUE,1,170,17,0,0,1816.158884,3,4.860794816
1507,8/7/20,86,48,TRUE,TRUE,5,97,7,4,2,635.3260361,4,6.118773585
1508,8/7/20,231,30,TRUE,FALSE,3,190,19,2,2,2300.735837,5,6.941159977
1509,8/7/20,184,35,TRUE,FALSE,5,121,12,2,1,1699.58495,4,9.0250165
1510,8/7/20,82,21,FALSE,TRUE,3,211,16,2,3,2676.270733,4,3.99795301
1511,8/8/20,108,18,TRUE,TRUE,2,98,7,2,0,1047.312453,5,10.64081046
1512,8/8/20,227,26,FALSE,FALSE,3,194,18,1,2,2422.733511,2,4.47458429
1513,8/9/20,206,43,TRUE,FALSE,1,94,11,0,1,930.1765671,2,4.653985834
1514,8/9/20,172,48,TRUE,TRUE,4,63,6,1,3,610.4234641,5,8.102334817
1515,8/10/20,57,39,FALSE,TRUE,1,59,4,0,0,773.52006,3,7.102426244
1516,8/11/20,250,65,FALSE,TRUE,7,223,20,5,5,2987.41357,1,5.809666631
1517,8/12/20,5,65,TRUE,FALSE,3,181,13,3,2,1821.614158,4,2.554377474
1518,8/12/20,21,37,FALSE,FALSE,3,177,18,1,1,2318.825686,4,7.356249582
1519,8/12/20,185,65,TRUE,TRUE,5,35,4,2,2,252.384,2,3.965969576
1520,8/12/20,202,63,TRUE,TRUE,4,184,19,2,1,2126.639932,5,4.057888646
1521,8/13/20,166,36,FALSE,TRUE,1,146,14,1,1,1640.001701,1,10.39977835
1522,8/13/20,175,57,FALSE,FALSE,1,162,16,1,0,1627.249027,3,4.794550518
1523,8/13/20,137,31,TRUE,TRUE,1,160,14,0,0,1395.585871,4,4.092745632
1524,8/13/20,239,28,TRUE,FALSE,1,138,13,1,1,1454.245194,5,3.474335777
1525,8/13/20,92,80,FALSE,FALSE,3,29,3,2,2,261.590847,1,6.292447513
1526,8/13/20,19,79,FALSE,TRUE,3,134,14,2,1,1190.235124,4,4.581469128
1527,8/14/20,172,48,FALSE,FALSE,5,35,4,1,4,437.60444,2,8.102334817
1528,8/15/20,70,57,TRUE,FALSE,4,127,15,2,2,1311.798544,1,11.58906147
1529,8/15/20,201,65,TRUE,FALSE,4,146,18,1,2,1773.682952,3,5.954654784
1530,8/15/20,201,65,FALSE,TRUE,5,158,12,2,3,1498.870075,4,5.954654784
1531,8/16/20,77,74,FALSE,TRUE,2,54,4,2,1,413.637026,5,9.568429399
1532,8/16/20,155,35,TRUE,TRUE,3,126,13,2,2,1395.014228,3,3.767514876
1533,8/16/20,210,37,TRUE,FALSE,4,193,20,1,3,2262.92742,3,1.6848345
1534,8/17/20,165,65,TRUE,FALSE,3,172,15,1,3,1906.082693,3,4.352632395
1535,8/17/20,198,25,FALSE,FALSE,2,164,17,1,0,1576.961087,4,1.630032533
1536,8/17/20,56,65,FALSE,TRUE,4,132,14,3,2,1388.672619,1,1.34650749
1537,8/18/20,95,56,FALSE,FALSE,1,171,15,0,0,1897.675546,5,4.79470922
1538,8/18/20,81,57,FALSE,TRUE,1,92,10,0,1,937.2631867,3,4.287421402
1539,8/18/20,86,48,TRUE,TRUE,6,121,14,4,3,1056.144075,3,6.118773585
1540,8/19/20,214,77,TRUE,TRUE,4,194,20,4,1,2449.027893,5,3.843277296
1541,8/20/20,56,65,FALSE,TRUE,5,209,20,3,2,2230.194516,1,1.34650749
1542,8/21/20,177,58,FALSE,FALSE,4,13,2,1,4,57.685704,5,1.418204562
1543,8/22/20,135,49,TRUE,FALSE,4,79,6,2,0,979.4752417,5,6.159828304
1544,8/22/20,211,30,TRUE,TRUE,1,34,4,0,0,334.108,4,7.674210846
1545,8/22/20,8,47,TRUE,TRUE,5,16,1,3,5,108.8,2,11.22596076
1546,8/22/20,92,80,TRUE,TRUE,4,49,3,3,2,612.0824717,5,6.292447513
1547,8/22/20,118,59,TRUE,FALSE,4,3,1,2,0,47.85677721,2,2.128055037
1548,8/22/20,118,59,FALSE,TRUE,5,187,19,3,0,1734.062774,5,2.128055037
1549,8/22/20,162,40,FALSE,TRUE,1,103,8,0,0,955.151475,5,4.357397274
1550,8/22/20,202,63,TRUE,TRUE,5,152,15,2,1,1847.170353,3,4.057888646
1551,8/23/20,72,59,TRUE,TRUE,4,50,3,1,3,647.4,4,3.604686537
1552,8/23/20,146,30,TRUE,TRUE,6,83,7,6,3,608.0904687,4,4.683042343
1553,8/23/20,114,20,FALSE,FALSE,5,113,11,3,1,1542.529679,5,3.745891145
1554,8/23/20,111,80,TRUE,FALSE,2,68,6,1,1,751.492739,1,5.931350743
1555,8/24/20,6,42,TRUE,TRUE,3,53,6,3,1,588.701089,1,3.6884945
1556,8/24/20,115,39,TRUE,TRUE,4,144,15,0,2,1407.085233,2,2.519797441
1557,8/24/20,117,70,TRUE,FALSE,1,29,4,1,0,253.4277835,5,7.464345151
1558,8/25/20,209,71,TRUE,FALSE,1,157,16,0,1,1506.282022,4,0.918009557
1559,8/26/20,238,68,TRUE,TRUE,1,170,15,0,1,1989.531816,4,8.731735327
1560,8/26/20,238,68,FALSE,FALSE,2,14,1,1,1,81.25063454,2,8.731735327
1561,8/26/20,124,20,TRUE,TRUE,2,22,3,1,0,146.5621,3,6.537811778
1562,8/26/20,113,29,FALSE,FALSE,4,98,7,3,4,946.3538397,4,8.159944415
1563,8/26/20,151,69,FALSE,TRUE,3,198,19,2,1,2131.007588,3,4.671148848
1564,8/26/20,246,70,FALSE,TRUE,3,253,20,1,1,3034.33356,5,12.31476476
1565,8/27/20,143,42,TRUE,FALSE,2,117,11,1,1,1199.46091,4,4.550223114
1566,8/28/20,49,41,TRUE,TRUE,4,226,19,2,2,2427.956583,1,4.766946844
1567,8/28/20,92,80,FALSE,FALSE,5,213,19,3,3,1888.16829,5,6.292447513
1568,8/29/20,209,71,FALSE,FALSE,2,85,8,0,1,535.738616,5,0.918009557
1569,8/29/20,195,61,FALSE,TRUE,3,127,13,1,0,1139.135379,2,5.498836519
1570,8/30/20,233,50,FALSE,FALSE,3,150,15,1,3,1343.118736,1,5.321167861
1571,8/31/20,137,31,TRUE,TRUE,2,31,4,1,1,428.8444232,1,4.092745632
1572,9/1/20,75,78,TRUE,FALSE,2,133,14,2,1,1736.096389,5,4.426687801
1573,9/2/20,77,74,TRUE,FALSE,3,75,6,3,2,817.16959,2,9.568429399
1574,9/2/20,20,38,TRUE,FALSE,6,179,18,4,3,2191.598458,5,6.309900483
1575,9/2/20,186,26,FALSE,FALSE,3,204,19,2,1,2587.961059,3,2.081867136
1576,9/2/20,250,65,FALSE,TRUE,8,86,11,6,5,990.1447445,5,5.809666631
1577,9/2/20,207,67,TRUE,FALSE,6,46,3,2,4,540.8,2,2.814448525
1578,9/3/20,27,77,FALSE,TRUE,2,16,1,1,1,96,1,8.180446288
1579,9/3/20,78,63,FALSE,FALSE,3,75,7,1,0,656.163178,5,5.208313009
1580,9/4/20,16,27,TRUE,FALSE,5,130,12,2,3,1427.90868,4,7.866926004
1581,9/5/20,203,66,FALSE,TRUE,6,194,17,3,3,1656.753431,3,9.115185613
1582,9/6/20,39,36,TRUE,FALSE,1,44,6,0,1,689.5036205,5,0.39676372
1583,9/7/20,108,18,FALSE,TRUE,3,210,17,3,0,2622.25561,3,10.64081046
1584,9/7/20,32,40,TRUE,TRUE,1,129,16,0,0,1659.56223,1,4.087264202
1585,9/8/20,85,72,FALSE,FALSE,3,46,6,2,2,355.0331078,1,10.32286473
1586,9/8/20,229,52,TRUE,FALSE,5,37,2,2,3,491.804,5,10.72730867
1587,9/8/20,6,42,FALSE,TRUE,4,53,5,3,1,377.5954,3,3.6884945
1588,9/9/20,247,65,TRUE,FALSE,3,248,20,2,0,2241.866592,1,0.862449987
1589,9/9/20,227,26,FALSE,FALSE,4,107,9,2,2,1447.434686,3,4.47458429
1590,9/9/20,103,77,TRUE,TRUE,5,44,4,4,4,321.773864,2,4.15081894
1591,9/9/20,106,54,TRUE,FALSE,1,146,15,1,1,1859.786731,3,4.23935637
1592,9/10/20,128,20,TRUE,TRUE,3,233,20,0,2,2903.753864,2,2.66725904
1593,9/10/20,221,72,TRUE,FALSE,2,159,16,1,0,1912.155491,2,4.83387012
1594,9/10/20,209,71,TRUE,FALSE,3,73,7,0,1,1118.152865,2,0.918009557
1595,9/10/20,52,35,TRUE,TRUE,1,89,10,1,1,789.5289437,4,4.924629783
1596,9/10/20,246,70,TRUE,TRUE,4,110,10,2,1,1393.3319,2,12.31476476
1597,9/10/20,69,60,FALSE,FALSE,6,9,1,2,3,28.35,2,2.035294153
1598,9/11/20,44,29,FALSE,FALSE,3,142,12,3,1,1209.791165,4,7.512703976
1599,9/12/20,41,56,TRUE,TRUE,2,18,3,1,1,213.255142,5,4.363566024
1600,9/12/20,201,65,TRUE,TRUE,6,226,20,2,4,2231.742992,2,5.954654784
1601,9/12/20,162,40,TRUE,FALSE,2,106,10,0,0,1239.979422,1,4.357397274
1602,9/13/20,137,31,TRUE,FALSE,3,53,7,2,1,549.6518449,4,4.092745632
1603,9/13/20,191,44,TRUE,FALSE,3,67,6,1,0,804.4738968,1,5.446709794
1604,9/14/20,47,66,FALSE,FALSE,4,67,4,3,2,540.627538,4,3.78072899
1605,9/14/20,1,60,FALSE,TRUE,2,4,1,2,0,76,2,5.177537469
1606,9/14/20,246,70,FALSE,TRUE,5,221,19,3,2,2450.285378,4,12.31476476
1607,9/14/20,96,51,TRUE,FALSE,3,66,7,2,3,676.41555,4,4.606269986
1608,9/15/20,184,35,TRUE,FALSE,6,165,20,3,2,1827.37244,3,9.0250165
1609,9/15/20,172,48,FALSE,FALSE,6,144,18,2,4,2041.169171,3,8.102334817
1610,9/16/20,7,54,TRUE,TRUE,1,56,5,0,0,707.022068,3,9.141133827
1611,9/17/20,184,35,FALSE,TRUE,7,94,10,4,2,942.1490819,5,9.0250165
1612,9/17/20,26,42,TRUE,TRUE,3,176,17,1,0,1791.653787,5,5.215165469
1613,9/17/20,166,36,FALSE,TRUE,2,198,19,1,2,2137.187338,5,10.39977835
1614,9/17/20,122,28,FALSE,FALSE,4,257,18,3,1,3336.736579,1,1.023942518
1615,9/17/20,35,65,TRUE,FALSE,1,183,16,1,0,2023.323274,1,10.35626393
1616,9/17/20,236,59,FALSE,FALSE,2,20,1,1,0,164.34,3,6.818023448
1617,9/18/20,145,35,TRUE,TRUE,3,98,9,1,0,771.6941289,2,9.858823268
1618,9/19/20,129,18,FALSE,FALSE,2,187,16,1,0,2254.705584,5,3.029493236
1619,9/20/20,194,19,TRUE,TRUE,2,63,6,1,1,926.5000568,1,3.425864994
1620,9/21/20,171,36,FALSE,FALSE,3,167,15,2,1,2122.4243,3,6.414425072
1621,9/22/20,4,76,TRUE,FALSE,4,218,18,2,2,2485.352351,2,6.483658609
1622,9/22/20,112,71,TRUE,FALSE,4,161,18,4,2,1866.720016,3,0.271843242
1623,9/22/20,185,65,TRUE,TRUE,6,164,14,2,3,1500.562132,5,3.965969576
1624,9/22/20,3,78,TRUE,TRUE,5,115,10,1,3,1246.128221,1,4.487025942
1625,9/22/20,205,23,FALSE,FALSE,4,146,13,2,2,2071.776394,4,3.374407019
1626,9/22/20,146,30,TRUE,FALSE,7,108,13,6,4,1192.230835,4,4.683042343
1627,9/22/20,80,52,FALSE,FALSE,5,142,15,3,5,1408.846077,5,9.825675611
1628,9/23/20,96,51,FALSE,FALSE,4,148,18,2,4,1784.218894,2,4.606269986
1629,9/23/20,13,40,FALSE,TRUE,1,11,1,1,1,216.0081,3,1.33649918
1630,9/24/20,249,29,TRUE,TRUE,1,32,2,1,0,484.9685,2,7.114833624
1631,9/24/20,98,61,TRUE,TRUE,5,103,8,2,4,1206.75795,4,4.542856906
1632,9/24/20,123,72,TRUE,TRUE,3,16,1,2,1,112,3,3.086651429
1633,9/24/20,36,65,FALSE,FALSE,4,168,17,2,1,1900.769115,2,5.052117706
1634,9/24/20,21,37,FALSE,FALSE,4,190,19,1,2,2369.08251,3,7.356249582
1635,9/24/20,14,46,TRUE,FALSE,2,175,15,2,1,2021.843061,3,3.981096043
1636,9/24/20,132,62,TRUE,TRUE,3,166,17,0,3,1945.449716,5,6.783002549
1637,9/25/20,41,56,TRUE,FALSE,3,84,8,1,1,785.965256,1,4.363566024
1638,9/25/20,136,26,TRUE,TRUE,2,102,10,1,2,941.452357,4,3.962373221
1639,9/26/20,136,26,TRUE,FALSE,3,44,3,1,3,229.4591601,2,3.962373221
1640,9/26/20,232,40,TRUE,TRUE,2,106,10,1,1,1114.173612,4,9.71156668
1641,9/26/20,98,61,TRUE,FALSE,6,209,19,2,4,2107.555336,2,4.542856906
1642,9/26/20,197,28,TRUE,TRUE,3,46,4,2,1,328.98955,5,3.15612826
1643,9/26/20,112,71,TRUE,FALSE,5,65,7,5,3,465.1785536,3,0.271843242
1644,9/27/20,125,75,FALSE,TRUE,1,70,7,1,1,656.57085,3,7.294598819
1645,9/27/20,132,62,TRUE,TRUE,4,210,17,1,4,2169.635171,2,6.783002549
1646,9/27/20,80,52,TRUE,TRUE,6,117,12,4,5,1440.42186,3,9.825675611
1647,9/28/20,215,62,TRUE,FALSE,1,194,18,0,0,1912.498419,3,3.941958255
1648,9/29/20,27,77,TRUE,FALSE,3,100,8,1,1,679.170414,2,8.180446288
1649,9/30/20,197,28,FALSE,FALSE,4,146,13,3,1,1308.603926,3,3.15612826
1650,10/1/20,149,61,FALSE,FALSE,2,94,8,1,0,807.07462,4,4.006592171
1651,10/1/20,29,24,TRUE,FALSE,3,4,2,3,1,22.25487765,4,9.78890618
1652,10/2/20,195,61,FALSE,FALSE,4,123,11,1,0,1390.292375,2,5.498836519
1653,10/2/20,209,71,TRUE,TRUE,4,208,19,0,1,2210.302495,3,0.918009557
1654,10/3/20,116,49,FALSE,TRUE,2,118,8,1,0,942.4700334,3,1.53517157
1655,10/4/20,229,52,TRUE,FALSE,6,77,8,2,4,843.1420782,5,10.72730867
1656,10/4/20,211,30,TRUE,FALSE,2,76,8,0,1,1116.51085,3,7.674210846
1657,10/5/20,95,56,TRUE,TRUE,2,32,2,0,0,427.96,1,4.79470922
1658,10/6/20,78,63,FALSE,TRUE,4,43,4,2,1,305.4565,1,5.208313009
1659,10/6/20,83,37,FALSE,TRUE,2,123,13,2,2,1168.523801,5,4.018117173
1660,10/7/20,173,34,TRUE,TRUE,6,10,1,4,3,80,4,3.16543523
1661,10/7/20,204,20,FALSE,TRUE,3,149,18,2,1,1737.352925,5,10.65025685
1662,10/7/20,71,69,FALSE,TRUE,2,132,13,1,0,1571.343219,5,4.493542256
1663,10/7/20,153,24,FALSE,FALSE,3,15,1,1,1,240,2,3.759396046
1664,10/7/20,126,25,FALSE,FALSE,5,57,5,2,2,864.5886894,1,5.547826017
1665,10/8/20,232,40,FALSE,TRUE,3,144,14,2,2,1359.799147,5,9.71156668
1666,10/9/20,81,57,TRUE,FALSE,2,112,11,0,2,1366.43172,2,4.287421402
1667,10/9/20,31,33,FALSE,TRUE,4,64,4,3,1,736.4490819,4,0.355831462
1668,10/9/20,7,54,TRUE,TRUE,2,44,4,1,0,618.972752,4,9.141133827
1669,10/10/20,215,62,TRUE,TRUE,2,81,9,0,1,1098.086349,2,3.941958255
1670,10/10/20,234,60,FALSE,FALSE,2,82,7,1,0,790.2045244,1,4.163894041
1671,10/10/20,175,57,FALSE,TRUE,2,127,15,2,1,1454.901182,5,4.794550518
1672,10/11/20,121,38,TRUE,TRUE,1,150,13,0,0,1403.312644,5,1.099808139
1673,10/11/20,119,66,TRUE,FALSE,3,180,19,1,1,1550.248444,4,9.878219984
1674,10/11/20,204,20,TRUE,TRUE,4,39,3,3,2,477.2175,5,10.65025685
1675,10/11/20,136,26,FALSE,TRUE,4,127,14,2,4,1629.300288,4,3.962373221
1676,10/11/20,127,64,FALSE,FALSE,3,109,12,2,2,1217.34894,1,3.8351684
1677,10/11/20,235,22,TRUE,TRUE,2,139,17,2,0,1477.576698,4,6.351992246
1678,10/11/20,230,41,TRUE,TRUE,3,65,6,2,2,874.351696,3,3.873706791
1679,10/11/20,224,63,FALSE,TRUE,3,10,1,1,1,82.6,2,3.674546419
1680,10/11/20,183,21,TRUE,FALSE,2,86,10,2,2,1118.547636,1,2.620028165
1681,10/12/20,144,35,FALSE,TRUE,3,147,15,1,1,1789.575574,5,4.2807758
1682,10/12/20,234,60,TRUE,TRUE,3,195,20,1,1,2052.7601,4,4.163894041
1683,10/13/20,88,76,TRUE,FALSE,5,163,14,3,1,1654.044543,5,8.9264517
1684,10/13/20,75,78,FALSE,TRUE,3,20,1,2,1,180,1,4.426687801
1685,10/13/20,190,32,FALSE,TRUE,2,105,10,1,1,1331.469222,2,5.998245027
1686,10/13/20,136,26,FALSE,TRUE,5,2,1,3,4,11,2,3.962373221
1687,10/14/20,118,59,TRUE,FALSE,6,55,5,4,0,317.2579358,3,2.128055037
1688,10/14/20,160,61,TRUE,FALSE,3,179,13,2,0,2087.74051,3,3.464179791
1689,10/14/20,228,74,TRUE,TRUE,2,4,1,0,1,21.016,3,7.391559005
1690,10/15/20,212,26,FALSE,TRUE,3,138,14,1,2,1398.897527,4,3.860844299
1691,10/16/20,12,22,FALSE,FALSE,4,51,5,2,2,732.8843303,1,6.34658016
1692,10/17/20,183,21,FALSE,TRUE,3,100,8,3,3,1071.1163,3,2.620028165
1693,10/17/20,195,61,TRUE,FALSE,5,229,20,2,1,2321.038814,3,5.498836519
1694,10/17/20,11,54,TRUE,TRUE,2,108,10,0,0,1411.699666,4,0.245960222
1695,10/17/20,60,51,FALSE,TRUE,2,179,17,2,2,2161.671378,1,6.875031712
1696,10/18/20,29,24,TRUE,TRUE,4,84,8,4,2,986.3529851,5,9.78890618
1697,10/18/20,231,30,TRUE,FALSE,4,171,19,2,2,2128.749904,1,6.941159977
1698,10/18/20,241,73,FALSE,TRUE,5,213,17,3,2,2876.85564,3,10.50449338
1699,10/18/20,179,29,FALSE,TRUE,6,199,20,4,1,2313.264249,5,3.515846652
1700,10/18/20,121,38,FALSE,TRUE,2,34,3,0,0,212.4853309,5,1.099808139
1701,10/18/20,101,68,FALSE,TRUE,2,84,9,2,1,836.1856367,1,7.237996284
1702,10/18/20,112,71,FALSE,FALSE,6,14,2,5,3,201.516,4,0.271843242
1703,10/18/20,237,20,FALSE,FALSE,4,98,11,3,3,1084.352185,4,3.077430543
1704,10/18/20,48,31,FALSE,TRUE,7,195,18,5,2,2374.606281,2,2.462335212
1705,10/18/20,12,22,FALSE,TRUE,5,22,2,2,3,70.902316,2,6.34658016
1706,10/19/20,84,25,FALSE,TRUE,2,172,15,2,1,2408.655357,1,4.686952118
1707,10/20/20,162,40,FALSE,FALSE,3,46,5,1,0,431.650527,5,4.357397274
1708,10/20/20,48,31,FALSE,FALSE,8,39,4,6,2,465.6610246,5,2.462335212
1709,10/20/20,165,65,FALSE,FALSE,4,105,12,1,4,849.4864551,5,4.352632395
1710,10/20/20,217,25,TRUE,FALSE,4,73,6,0,1,848.2458128,4,6.239347823
1711,10/20/20,35,65,TRUE,TRUE,2,70,7,2,1,817.0666129,4,10.35626393
1712,10/21/20,122,28,FALSE,TRUE,5,180,15,3,2,1791.994373,4,1.023942518
1713,10/21/20,10,23,TRUE,FALSE,4,120,11,3,0,1510.306082,2,1.565371878
1714,10/21/20,112,71,FALSE,FALSE,7,38,6,5,4,272.2846015,3,0.271843242
1715,10/21/20,12,22,TRUE,FALSE,6,189,18,3,4,1657.427559,3,6.34658016
1716,10/21/20,209,71,TRUE,TRUE,5,18,2,0,1,65.0135868,4,0.918009557
1717,10/21/20,126,25,FALSE,TRUE,6,115,10,3,3,1288.570836,3,5.547826017
1718,10/21/20,31,33,FALSE,FALSE,5,213,17,4,2,2228.929648,3,0.355831462
1719,10/21/20,70,57,FALSE,TRUE,5,129,10,2,3,1450.573138,1,11.58906147
1720,10/21/20,43,48,FALSE,FALSE,7,27,3,6,4,411.4853723,5,1.957685164
1721,10/21/20,209,71,TRUE,TRUE,6,88,8,0,1,1004.728921,5,0.918009557
1722,10/21/20,50,22,FALSE,TRUE,1,95,7,0,1,1561.394876,2,6.662076282
1723,10/21/20,30,26,TRUE,TRUE,2,80,7,1,1,969.6669582,3,1.985313223
1724,10/21/20,95,56,TRUE,TRUE,3,222,18,1,1,2643.587184,2,4.79470922
1725,10/21/20,20,38,TRUE,FALSE,7,28,3,4,3,213.409,2,6.309900483
1726,10/21/20,83,37,FALSE,TRUE,3,234,18,2,3,2856.74238,3,4.018117173
1727,10/21/20,151,69,TRUE,TRUE,4,115,12,2,1,1220.13428,3,4.671148848
1728,10/21/20,90,66,FALSE,FALSE,4,79,6,2,2,911.8261081,4,7.21004567
1729,10/21/20,239,28,TRUE,FALSE,2,26,4,1,2,370.6705109,1,3.474335777
1730,10/21/20,180,60,FALSE,FALSE,2,181,16,1,1,2129.014181,4,6.44017571
1731,10/21/20,123,72,FALSE,FALSE,4,206,17,3,2,2194.067054,2,3.086651429
1732,10/21/20,112,71,TRUE,TRUE,8,71,6,5,4,642.0657338,1,0.271843242
1733,10/21/20,208,61,FALSE,FALSE,3,66,6,1,2,594.4368,2,3.471250388
1734,10/22/20,39,36,FALSE,TRUE,2,110,7,0,1,708.8490406,1,0.39676372
1735,10/22/20,185,65,TRUE,FALSE,7,174,18,2,3,2058.510874,2,3.965969576
1736,10/22/20,155,35,TRUE,TRUE,4,97,12,2,2,1046.773245,1,3.767514876
1737,10/22/20,243,76,TRUE,TRUE,1,101,11,0,1,859.9483857,5,8.058455369
1738,10/23/20,250,65,FALSE,FALSE,9,16,2,7,5,117.8013642,5,5.809666631
1739,10/23/20,2,36,FALSE,TRUE,5,16,2,1,2,281.247656,1,7.346256146
1740,10/23/20,64,53,TRUE,FALSE,5,106,10,2,4,1061.787188,4,4.065547898
1741,10/23/20,116,49,TRUE,TRUE,3,124,11,1,0,1385.22899,1,1.53517157
1742,10/23/20,190,32,FALSE,TRUE,3,93,8,2,1,590.5703227,4,5.998245027
1743,10/23/20,30,26,TRUE,TRUE,3,99,12,2,1,1403.925892,5,1.985313223
1744,10/24/20,103,77,TRUE,TRUE,6,137,16,5,4,1494.982076,1,4.15081894
1745,10/24/20,4,76,TRUE,TRUE,5,106,11,3,3,1331.871425,1,6.483658609
1746,10/24/20,183,21,TRUE,TRUE,4,113,9,4,3,1051.204869,2,2.620028165
1747,10/24/20,236,59,FALSE,TRUE,3,133,10,1,0,1071.347913,1,6.818023448
1748,10/24/20,116,49,FALSE,FALSE,4,182,18,1,0,1888.731679,4,1.53517157
1749,10/25/20,242,27,FALSE,FALSE,3,92,6,2,2,1124.017731,4,9.491452817
1750,10/25/20,86,48,TRUE,TRUE,7,179,16,4,3,1594.837599,3,6.118773585
1751,10/25/20,5,65,FALSE,TRUE,4,178,18,4,2,2285.324103,5,2.554377474
1752,10/26/20,246,70,FALSE,TRUE,6,20,2,3,2,354.9396785,1,12.31476476
1753,10/27/20,34,20,FALSE,TRUE,1,192,20,1,0,2325.701114,4,2.253597899
1754,10/28/20,19,79,TRUE,FALSE,4,191,17,2,2,2210.829156,1,4.581469128
1755,10/28/20,14,46,TRUE,FALSE,3,39,4,3,1,419.50564,3,3.981096043
1756,10/28/20,65,42,TRUE,TRUE,4,198,14,2,3,2081.056076,1,5.073594428
1757,10/29/20,83,37,TRUE,FALSE,4,82,8,2,4,1024.30296,1,4.018117173
1758,10/30/20,182,64,TRUE,TRUE,4,48,3,1,0,492.598,3,1.093291011
1759,10/30/20,40,73,TRUE,FALSE,3,207,20,1,0,2100.818364,4,5.241868257
1760,10/30/20,42,70,TRUE,TRUE,3,118,15,3,2,1467.787122,3,1.493271021
1761,10/30/20,42,70,TRUE,TRUE,4,72,9,3,2,979.4408163,5,1.493271021
1762,10/30/20,83,37,TRUE,TRUE,5,203,18,3,5,2193.622511,2,4.018117173
1763,10/31/20,197,28,FALSE,FALSE,5,23,3,4,1,327.1735804,3,3.15612826
1764,11/1/20,130,18,TRUE,TRUE,3,138,15,1,1,1356.388668,5,3.752222012
1765,11/2/20,136,26,FALSE,FALSE,6,46,4,4,5,480.4811112,5,3.962373221
1766,11/2/20,235,22,TRUE,FALSE,3,88,9,2,0,1089.096236,4,6.351992246
1767,11/2/20,12,22,FALSE,TRUE,7,122,10,3,4,1603.208722,2,6.34658016
1768,11/2/20,156,19,FALSE,FALSE,2,11,2,2,1,140.7445754,2,6.91299264
1769,11/2/20,164,40,FALSE,TRUE,4,109,13,1,2,1184.08683,1,4.013956275
1770,11/3/20,143,42,TRUE,FALSE,3,109,11,1,2,1508.015717,4,4.550223114
1771,11/3/20,75,78,TRUE,TRUE,4,143,15,2,2,1430.780273,5,4.426687801
1772,11/3/20,196,59,TRUE,TRUE,1,63,7,1,0,540.9951884,1,3.357104864
1773,11/4/20,159,75,TRUE,FALSE,7,119,13,5,3,1262.386098,3,4.599797288
1774,11/5/20,28,56,TRUE,TRUE,2,215,18,1,2,2643.876956,1,10.42856725
1775,11/5/20,219,48,FALSE,FALSE,6,197,15,2,4,1468.856229,1,3.445143709
1776,11/5/20,69,60,FALSE,TRUE,7,73,10,3,4,609.9199709,5,2.035294153
1777,11/5/20,226,57,FALSE,TRUE,1,165,15,0,0,1951.810504,5,6.579764665
1778,11/5/20,129,18,TRUE,FALSE,3,57,4,1,1,705.6632,4,3.029493236
1779,11/5/20,73,30,FALSE,FALSE,2,128,13,0,1,1156.813404,3,4.498322115
1780,11/5/20,28,56,FALSE,TRUE,3,240,20,1,3,2376.10525,4,10.42856725
1781,11/5/20,209,71,FALSE,FALSE,7,71,6,1,1,779.1103103,3,0.918009557
1782,11/6/20,248,72,FALSE,FALSE,2,46,4,1,2,303.273013,3,5.835553602
1783,11/6/20,242,27,FALSE,TRUE,4,45,5,3,2,627.4839311,2,9.491452817
1784,11/6/20,230,41,FALSE,TRUE,4,123,10,3,3,1727.286491,5,3.873706791
1785,11/6/20,56,65,TRUE,TRUE,6,104,8,3,3,890.0104765,3,1.34650749
1786,11/6/20,90,66,FALSE,TRUE,5,156,16,2,2,1664.869934,5,7.21004567
1787,11/7/20,61,49,FALSE,FALSE,3,99,8,1,1,814.191,3,6.740970063
1788,11/7/20,85,72,FALSE,TRUE,4,16,2,2,3,82.76,1,10.32286473
1789,11/7/20,238,68,TRUE,FALSE,3,22,2,2,2,338,3,8.731735327
1790,11/7/20,15,42,FALSE,FALSE,3,103,8,2,1,1277.454934,3,0.44689642
1791,11/8/20,30,26,FALSE,FALSE,4,38,7,2,1,407.8397075,3,1.985313223
1792,11/9/20,111,80,TRUE,FALSE,3,113,10,2,1,1077.905114,5,5.931350743
1793,11/10/20,166,36,TRUE,TRUE,3,203,18,1,3,1838.365572,5,10.39977835
1794,11/10/20,83,37,TRUE,TRUE,6,57,6,3,5,566.6985368,4,4.018117173
1795,11/10/20,87,77,FALSE,TRUE,3,33,2,1,2,152.4,1,4.437637543
1796,11/10/20,131,23,FALSE,FALSE,2,45,6,0,2,626.7763709,4,9.708721331
1797,11/10/20,215,62,TRUE,FALSE,3,31,2,0,1,141.06453,4,3.941958255
1798,11/10/20,188,42,TRUE,TRUE,3,83,7,2,1,945.1936968,5,7.712595061
1799,11/11/20,249,29,FALSE,TRUE,2,181,18,1,1,1794.057935,5,7.114833624
1800,11/11/20,172,48,TRUE,FALSE,7,22,5,3,4,157.680855,1,8.102334817
1801,11/11/20,180,60,FALSE,TRUE,3,77,8,2,2,693.0501563,3,6.44017571
1802,11/12/20,13,40,FALSE,FALSE,2,101,11,2,2,897.5601205,1,1.33649918
1803,11/12/20,98,61,TRUE,TRUE,7,157,16,3,5,1854.434901,5,4.542856906
1804,11/12/20,214,77,FALSE,FALSE,5,129,11,4,2,1355.655128,4,3.843277296
1805,11/13/20,112,71,TRUE,FALSE,9,190,19,5,5,2007.91574,3,0.271843242
1806,11/14/20,8,47,TRUE,FALSE,6,123,12,4,5,1596.523748,5,11.22596076
1807,11/14/20,103,77,FALSE,FALSE,7,89,6,5,4,1008.292691,4,4.15081894
1808,11/14/20,57,39,TRUE,TRUE,2,99,11,1,1,1103.842881,1,7.102426244
1809,11/14/20,217,25,FALSE,TRUE,5,98,11,0,1,1011.977154,2,6.239347823
1810,11/14/20,190,32,FALSE,TRUE,4,180,16,2,1,1988.40735,2,5.998245027
1811,11/14/20,22,35,TRUE,FALSE,2,210,20,1,1,2278.84304,3,6.34579195
1812,11/15/20,202,63,TRUE,TRUE,6,230,20,2,1,2099.734143,2,4.057888646
1813,11/15/20,7,54,TRUE,FALSE,3,95,8,2,0,1118.876363,1,9.141133827
1814,11/15/20,92,80,FALSE,TRUE,6,76,6,3,3,600.1387131,1,6.292447513
1815,11/16/20,152,64,TRUE,TRUE,1,212,19,1,0,2547.715465,5,1.996884833
1816,11/16/20,18,40,TRUE,TRUE,5,61,4,2,2,772.7868651,2,2.075496743
1817,11/16/20,81,57,TRUE,TRUE,3,103,9,0,2,1499.272806,5,4.287421402
1818,11/16/20,180,60,FALSE,FALSE,4,172,16,3,2,1655.232542,2,6.44017571
1819,11/17/20,189,60,FALSE,TRUE,3,113,11,2,1,1214.869646,2,6.752486562
1820,11/18/20,34,20,TRUE,TRUE,2,146,14,2,1,1200.482608,4,2.253597899
1821,11/19/20,140,78,FALSE,FALSE,1,121,12,0,1,1113.760555,2,3.366829034
1822,11/19/20,167,64,TRUE,TRUE,6,53,5,3,2,579.0143214,3,1.924205587
1823,11/20/20,107,35,TRUE,FALSE,3,178,14,0,2,1744.655032,5,3.466821668
1824,11/21/20,222,54,TRUE,FALSE,2,203,16,0,1,2136.941886,3,0.530450323
1825,11/22/20,239,28,TRUE,TRUE,3,190,20,1,3,2381.425569,4,3.474335777
1826,11/22/20,151,69,FALSE,TRUE,5,203,19,2,2,2084.409144,5,4.671148848
1827,11/23/20,86,48,TRUE,TRUE,8,97,9,4,3,1126.109956,5,6.118773585
1828,11/24/20,27,77,FALSE,TRUE,4,117,14,1,2,1222.965831,3,8.180446288
1829,11/25/20,41,56,TRUE,TRUE,4,7,2,1,2,81.240186,3,4.363566024
1830,11/25/20,249,29,FALSE,FALSE,3,133,12,1,1,1731.772535,2,7.114833624
1831,11/25/20,31,33,FALSE,TRUE,6,111,8,5,2,1172.192011,4,0.355831462
1832,11/26/20,235,22,TRUE,FALSE,4,86,11,2,0,880.4733869,3,6.351992246
1833,11/26/20,127,64,FALSE,TRUE,4,3,1,2,3,47.4,1,3.8351684
1834,11/26/20,249,29,FALSE,TRUE,4,84,7,2,1,879.1058874,4,7.114833624
1835,11/27/20,194,19,TRUE,FALSE,3,45,4,2,1,516.450709,2,3.425864994
1836,11/27/20,34,20,TRUE,TRUE,3,101,10,3,2,1228.343189,4,2.253597899
1837,11/28/20,222,54,FALSE,TRUE,3,39,3,1,2,561.1,4,0.530450323
1838,11/28/20,8,47,FALSE,TRUE,7,133,15,5,5,1012.254498,4,11.22596076
1839,11/29/20,87,77,FALSE,FALSE,4,153,17,2,2,1657.453767,3,4.437637543
1840,11/29/20,191,44,FALSE,FALSE,4,190,16,1,0,2496.153289,4,5.446709794
1841,11/29/20,9,38,FALSE,TRUE,2,38,3,1,2,354.884,1,3.695825043
1842,11/30/20,79,63,FALSE,FALSE,1,51,6,1,0,492.5037663,2,10.20837833
1843,11/30/20,26,42,TRUE,FALSE,4,76,9,1,1,895.2870104,1,5.215165469
1844,12/1/20,187,29,TRUE,FALSE,4,118,10,1,2,1124.809612,3,4.747390449
1845,12/1/20,140,78,TRUE,FALSE,2,59,5,1,1,615.499922,1,3.366829034
1846,12/1/20,55,58,FALSE,TRUE,6,118,11,3,2,1465.518331,4,4.672475358
1847,12/2/20,155,35,FALSE,FALSE,5,47,6,2,3,616.52,5,3.767514876
1848,12/2/20,9,38,FALSE,TRUE,3,26,4,2,2,382.1716286,2,3.695825043
1849,12/3/20,201,65,FALSE,FALSE,7,25,3,2,4,187.248,3,5.954654784
1850,12/3/20,173,34,FALSE,TRUE,7,88,11,5,4,976.9852918,1,3.16543523
1851,12/3/20,149,61,FALSE,TRUE,3,133,12,2,0,1212.327844,3,4.006592171
1852,12/3/20,101,68,FALSE,TRUE,3,55,7,2,2,562.4436,2,7.237996284
1853,12/3/20,209,71,FALSE,FALSE,8,2,1,1,1,27.718,2,0.918009557
1854,12/3/20,240,76,TRUE,TRUE,4,94,8,2,4,890.2939256,5,4.653037708
1855,12/3/20,97,43,FALSE,TRUE,5,129,9,4,3,1290.239528,5,7.461175708
1856,12/4/20,175,57,FALSE,FALSE,3,111,8,2,1,1164.008435,4,4.794550518
1857,12/5/20,50,22,TRUE,FALSE,2,183,16,0,1,2117.819897,5,6.662076282
1858,12/5/20,158,21,TRUE,FALSE,2,93,10,1,2,1123.647389,3,7.309639105
1859,12/5/20,93,22,TRUE,TRUE,3,123,10,0,3,1886.002961,2,2.709455025
1860,12/5/20,74,40,FALSE,TRUE,3,67,7,0,1,925.6225913,2,6.16460147
1861,12/5/20,26,42,TRUE,TRUE,5,91,9,2,1,827.0965832,5,5.215165469
1862,12/6/20,111,80,FALSE,FALSE,4,180,19,2,2,2139.510093,4,5.931350743
1863,12/6/20,132,62,TRUE,TRUE,5,157,15,1,5,1863.532897,5,6.783002549
1864,12/7/20,72,59,FALSE,TRUE,5,40,5,2,4,427.0409206,4,3.604686537
1865,12/8/20,3,78,TRUE,TRUE,6,101,9,2,3,1090.91713,2,4.487025942
1866,12/9/20,228,74,FALSE,FALSE,3,56,5,1,1,599.6048711,2,7.391559005
1867,12/9/20,237,20,TRUE,FALSE,5,145,13,3,4,1466.621096,1,3.077430543
1868,12/10/20,71,69,TRUE,TRUE,3,8,1,2,0,21.632,3,4.493542256
1869,12/11/20,14,46,TRUE,TRUE,4,58,5,4,2,394.5712278,4,3.981096043
1870,12/11/20,159,75,TRUE,TRUE,8,13,2,6,4,176.7625475,3,4.599797288
1871,12/12/20,167,64,FALSE,TRUE,7,145,12,4,2,1519.790105,5,1.924205587
1872,12/13/20,46,35,FALSE,TRUE,2,135,13,1,2,1413.596031,5,3.946750704
1873,12/13/20,246,70,TRUE,FALSE,7,131,10,3,2,1276.190089,2,12.31476476
1874,12/13/20,90,66,TRUE,TRUE,6,121,11,3,3,1235.9553,1,7.21004567
1875,12/14/20,38,79,FALSE,TRUE,2,109,13,1,1,1009.988283,1,5.566147437
1876,12/14/20,167,64,TRUE,FALSE,8,171,16,5,3,2022.590042,5,1.924205587
1877,12/14/20,13,40,FALSE,TRUE,3,222,18,2,3,2294.325738,1,1.33649918
1878,12/14/20,96,51,TRUE,TRUE,5,39,4,2,5,412.9583896,3,4.606269986
1879,12/14/20,213,55,TRUE,TRUE,3,28,2,2,2,181.9751963,5,6.062969583
1880,12/15/20,156,19,TRUE,FALSE,3,126,8,3,1,1444.09704,3,6.91299264
1881,12/15/20,86,48,FALSE,TRUE,9,39,6,5,3,227.5571024,4,6.118773585
1882,12/15/20,200,45,FALSE,TRUE,1,137,11,1,1,1309.24043,1,1.675769263
1883,12/15/20,156,19,FALSE,TRUE,4,59,7,4,2,562.8285963,3,6.91299264
1884,12/15/20,124,20,TRUE,FALSE,3,88,8,2,1,645.2588315,4,6.537811778
1885,12/16/20,196,59,TRUE,TRUE,2,278,20,1,0,3151.946114,4,3.357104864
1886,12/16/20,144,35,FALSE,FALSE,4,86,10,1,1,903.80984,5,4.2807758
1887,12/16/20,135,49,FALSE,FALSE,5,87,7,3,1,1018.815536,4,6.159828304
1888,12/16/20,178,51,TRUE,FALSE,3,145,16,2,1,1406.826275,4,4.388328046
1889,12/17/20,222,54,FALSE,FALSE,4,96,8,2,2,1136.264772,2,0.530450323
1890,12/17/20,39,36,TRUE,TRUE,3,107,12,0,1,1225.143378,1,0.39676372
1891,12/18/20,226,57,FALSE,TRUE,2,40,3,1,1,433.6,5,6.579764665
1892,12/18/20,193,74,TRUE,TRUE,2,89,8,1,1,1186.97432,1,5.538858462
1893,12/18/20,7,54,TRUE,TRUE,4,21,2,3,1,236.88,5,9.141133827
1894,12/18/20,193,74,FALSE,FALSE,3,57,5,2,1,660.02086,1,5.538858462
1895,12/18/20,221,72,TRUE,TRUE,3,154,19,2,1,1578.249429,3,4.83387012
1896,12/18/20,62,46,FALSE,FALSE,3,28,4,1,2,206.8528746,2,8.480562385
1897,12/19/20,130,18,FALSE,TRUE,4,157,19,1,1,1450.281869,2,3.752222012
1898,12/20/20,200,45,FALSE,FALSE,2,20,1,1,1,80,2,1.675769263
1899,12/20/20,220,28,TRUE,TRUE,3,14,1,2,2,149.712864,2,1.635582894
1900,12/21/20,201,65,FALSE,FALSE,8,197,16,2,5,1989.025639,3,5.954654784
1901,12/21/20,111,80,TRUE,FALSE,5,214,18,2,2,2800.559337,1,5.931350743
1902,12/21/20,202,63,TRUE,FALSE,7,62,5,2,1,586.072284,2,4.057888646
1903,12/21/20,114,20,FALSE,TRUE,6,64,11,3,2,796.4600399,5,3.745891145
1904,12/22/20,191,44,TRUE,TRUE,5,156,15,1,0,1739.397688,2,5.446709794
1905,12/22/20,4,76,TRUE,TRUE,6,144,15,4,3,1539.041531,4,6.483658609
1906,12/22/20,10,23,FALSE,FALSE,5,170,19,4,0,2101.870813,1,1.565371878
1907,12/23/20,87,77,FALSE,TRUE,5,172,20,3,3,1821.783133,5,4.437637543
1908,12/23/20,120,34,TRUE,FALSE,3,83,8,2,1,914.3396459,4,4.805634239
1909,12/24/20,54,19,TRUE,TRUE,4,46,5,3,1,470.475426,1,6.23368774
1910,12/25/20,19,79,FALSE,TRUE,5,121,10,3,2,909.9837775,1,4.581469128
1911,12/25/20,159,75,FALSE,TRUE,9,49,5,7,4,494.1287634,4,4.599797288
1912,12/26/20,123,72,TRUE,FALSE,5,72,7,4,3,792.7428269,2,3.086651429
1913,12/26/20,168,32,TRUE,TRUE,5,159,15,1,1,1308.924493,3,4.81607685
1914,12/26/20,203,66,TRUE,FALSE,7,80,8,3,4,649.3622774,4,9.115185613
1915,12/26/20,196,59,TRUE,FALSE,3,192,20,1,1,1822.686879,4,3.357104864
1916,12/26/20,109,42,FALSE,FALSE,4,100,9,3,2,1237.652213,5,7.580989779
1917,12/26/20,193,74,TRUE,FALSE,4,160,13,2,2,2098.277605,1,5.538858462
1918,12/27/20,226,57,TRUE,FALSE,3,33,3,2,1,371.3,2,6.579764665
1919,12/27/20,136,26,TRUE,TRUE,7,130,12,5,5,1351.578028,3,3.962373221
1920,12/28/20,36,65,TRUE,TRUE,5,84,6,2,1,956.168,2,5.052117706
1921,12/29/20,47,66,FALSE,FALSE,5,99,11,3,3,1164.86112,3,3.78072899
1922,12/30/20,137,31,FALSE,TRUE,4,149,14,2,2,2175.243013,4,4.092745632
1923,12/31/20,65,42,TRUE,TRUE,5,146,12,3,3,1484.575729,4,5.073594428
1924,12/31/20,196,59,FALSE,TRUE,4,60,6,1,1,600.8145424,1,3.357104864
1925,12/31/20,53,18,FALSE,TRUE,1,9,1,1,1,171,1,10.82606052
1926,12/31/20,35,65,FALSE,FALSE,3,136,13,2,1,1492.874707,3,10.35626393
1927,1/1/21,160,61,FALSE,FALSE,4,138,11,3,1,1371.758121,3,3.464179791
1928,1/1/21,8,47,TRUE,TRUE,8,108,9,5,5,981.5871365,4,11.22596076
1929,1/1/21,14,46,TRUE,FALSE,5,11,2,4,3,73.7,5,3.981096043
1930,1/1/21,226,57,FALSE,TRUE,4,110,10,3,1,1269.079201,3,6.579764665
1931,1/1/21,83,37,FALSE,TRUE,7,186,13,4,6,1665.097826,3,4.018117173
1932,1/1/21,233,50,TRUE,FALSE,4,76,10,2,3,899.9828786,3,5.321167861
1933,1/2/21,61,49,FALSE,FALSE,4,240,18,1,2,2819.891166,2,6.740970063
1934,1/2/21,95,56,FALSE,FALSE,4,64,6,1,2,692.4826149,1,4.79470922
1935,1/2/21,55,58,TRUE,FALSE,7,172,15,3,2,1999.653776,2,4.672475358
1936,1/3/21,222,54,TRUE,FALSE,5,69,7,3,3,894.6086384,5,0.530450323
1937,1/3/21,41,56,FALSE,FALSE,5,186,20,1,3,1918.434272,5,4.363566024
1938,1/3/21,240,76,FALSE,TRUE,5,14,1,3,4,131.74392,3,4.653037708
1939,1/3/21,19,79,FALSE,TRUE,6,205,19,4,3,2893.114329,1,4.581469128
1940,1/4/21,207,67,FALSE,TRUE,7,65,7,3,5,879.0158307,2,2.814448525
1941,1/4/21,181,52,FALSE,TRUE,3,66,5,1,0,826.011039,1,5.63413929
1942,1/4/21,63,46,TRUE,TRUE,3,24,4,2,3,236.51636,5,7.558361187
1943,1/5/21,249,29,FALSE,FALSE,5,172,17,2,1,2110.126353,3,7.114833624
1944,1/5/21,32,40,TRUE,TRUE,2,191,20,0,0,2338.032682,5,4.087264202
1945,1/6/21,76,28,FALSE,FALSE,4,129,14,2,1,1578.068755,5,3.746495834
1946,1/7/21,207,67,FALSE,FALSE,8,212,19,3,6,2113.405472,1,2.814448525
1947,1/7/21,206,43,FALSE,TRUE,2,22,3,0,1,360.9488,3,4.653985834
1948,1/7/21,139,61,TRUE,TRUE,2,110,11,0,0,1041.866815,2,4.82677874
1949,1/8/21,160,61,TRUE,TRUE,5,216,19,3,2,2596.877694,1,3.464179791
1950,1/8/21,17,57,TRUE,TRUE,4,45,4,1,1,574.9482882,2,3.677748814
1951,1/8/21,150,20,FALSE,TRUE,4,242,18,1,4,2476.665238,4,3.776843847
1952,1/9/21,246,70,FALSE,TRUE,8,97,12,3,2,1038.977392,2,12.31476476
1953,1/9/21,65,42,FALSE,FALSE,6,157,14,4,4,1970.246388,4,5.073594428
1954,1/10/21,49,41,FALSE,TRUE,5,39,4,3,2,741.00128,5,4.766946844
1955,1/10/21,44,29,TRUE,FALSE,4,98,9,4,2,837.894945,2,7.512703976
1956,1/11/21,64,53,FALSE,FALSE,6,48,4,3,4,322.1342043,4,4.065547898
1957,1/12/21,50,22,TRUE,FALSE,3,56,8,0,1,613.493728,4,6.662076282
1958,1/12/21,111,80,FALSE,FALSE,6,24,2,3,2,157.5,2,5.931350743
1959,1/13/21,220,28,FALSE,FALSE,4,26,3,3,3,167.621188,5,1.635582894
1960,1/13/21,151,69,FALSE,FALSE,6,17,2,2,2,145.7787019,3,4.671148848
1961,1/13/21,202,63,FALSE,TRUE,8,14,1,2,2,165.2,1,4.057888646
1962,1/13/21,25,38,FALSE,TRUE,2,43,4,1,1,467.9508,2,6.446139833
1963,1/13/21,77,74,TRUE,TRUE,4,52,5,3,2,604.425937,2,9.568429399
1964,1/13/21,170,52,FALSE,TRUE,2,103,11,0,1,1003.699959,4,5.930274874
1965,1/13/21,93,22,TRUE,TRUE,4,11,1,1,3,187,2,2.709455025
1966,1/13/21,133,51,FALSE,FALSE,1,72,4,1,0,593.184229,2,9.189958488
1967,1/13/21,232,40,FALSE,FALSE,4,116,13,3,2,1372.639213,4,9.71156668
1968,1/13/21,117,70,FALSE,TRUE,2,43,4,1,0,457.973665,1,7.464345151
1969,1/13/21,222,54,FALSE,FALSE,6,1,1,3,4,11,1,0.530450323
1970,1/13/21,145,35,FALSE,TRUE,4,198,17,1,0,2093.612809,3,9.858823268
1971,1/13/21,31,33,FALSE,TRUE,7,204,19,5,2,2442.111081,4,0.355831462
1972,1/13/21,49,41,FALSE,TRUE,6,213,17,4,2,1994.786562,3,4.766946844
1973,1/13/21,107,35,FALSE,FALSE,4,81,9,1,3,802.823492,3,3.466821668
1974,1/14/21,117,70,FALSE,FALSE,3,187,16,2,0,2314.711492,2,7.464345151
1975,1/14/21,241,73,TRUE,FALSE,6,125,13,4,3,1169.918546,1,10.50449338
1976,1/15/21,121,38,TRUE,FALSE,3,23,3,0,0,268.4494,2,1.099808139
1977,1/15/21,158,21,TRUE,FALSE,3,148,17,2,2,1680.455032,2,7.309639105
1978,1/15/21,9,38,FALSE,TRUE,4,26,3,3,2,144.17,5,3.695825043
1979,1/16/21,204,20,FALSE,FALSE,5,158,16,3,3,1792.242879,5,10.65025685
1980,1/16/21,28,56,FALSE,FALSE,4,250,20,1,4,2278.721506,2,10.42856725
1981,1/16/21,26,42,FALSE,TRUE,6,207,19,2,2,2256.181134,1,5.215165469
1982,1/17/21,31,33,FALSE,FALSE,8,216,20,6,2,2070.121829,1,0.355831462
1983,1/17/21,162,40,FALSE,TRUE,4,121,10,2,1,1293.56083,1,4.357397274
1984,1/17/21,86,48,FALSE,FALSE,10,22,3,6,4,196.617844,4,6.118773585
1985,1/18/21,58,59,FALSE,TRUE,2,127,14,1,0,1471.265022,1,4.6439844
1986,1/18/21,17,57,TRUE,FALSE,5,205,18,2,2,2103.335497,2,3.677748814
1987,1/19/21,189,60,FALSE,FALSE,4,90,9,3,1,956.838666,5,6.752486562
1988,1/20/21,195,61,TRUE,TRUE,6,144,13,3,2,1272.039355,5,5.498836519
1989,1/20/21,42,70,TRUE,TRUE,5,48,4,3,3,502.4210374,1,1.493271021
1990,1/20/21,218,79,TRUE,FALSE,5,220,18,0,2,2412.723687,2,4.639080769
1991,1/21/21,96,51,FALSE,TRUE,6,158,11,2,6,1245.327253,3,4.606269986
1992,1/22/21,140,78,TRUE,TRUE,3,180,18,2,1,2245.919994,4,3.366829034
1993,1/22/21,205,23,FALSE,FALSE,5,118,9,3,2,945.4769375,3,3.374407019
1994,1/22/21,230,41,TRUE,TRUE,5,116,11,4,4,1253.8002,1,3.873706791
1995,1/22/21,184,35,FALSE,TRUE,8,176,18,4,2,2002.279784,4,9.0250165
1996,1/22/21,245,28,FALSE,TRUE,7,43,6,2,4,505.94656,1,4.032354144
1997,1/22/21,243,76,FALSE,FALSE,2,162,15,0,2,1607.689823,3,8.058455369
1998,1/22/21,46,35,TRUE,FALSE,3,108,12,2,2,1231.024914,1,3.946750704
1999,1/23/21,62,46,TRUE,TRUE,4,17,1,1,3,86.76698,5,8.480562385